PRAGMA defer_foreign_keys=TRUE;
CREATE TABLE points_categories (
    id INTEGER PRIMARY KEY AUTOINCREMENT,
    name TEXT NOT NULL UNIQUE,
    description TEXT,
    default_points INTEGER NOT NULL DEFAULT 0,
    is_active INTEGER NOT NULL DEFAULT 1
  );
INSERT INTO "points_categories" VALUES(1,'作业','作业完成情况',5,1);
INSERT INTO "points_categories" VALUES(2,'考试','考试成绩',10,1);
INSERT INTO "points_categories" VALUES(3,'纪律','课堂纪律',3,1);
INSERT INTO "points_categories" VALUES(4,'表现','课堂表现',2,1);
INSERT INTO "points_categories" VALUES(5,'其他','其他情况',1,1);
INSERT INTO "points_categories" VALUES(6,'班干','',0,1);
INSERT INTO "points_categories" VALUES(7,'本周总分','',0,1);
INSERT INTO "points_categories" VALUES(8,'小组扣分','',0,1);
INSERT INTO "points_categories" VALUES(9,'小组加分','',0,1);
CREATE TABLE groups (
    id INTEGER PRIMARY KEY AUTOINCREMENT,
    name TEXT NOT NULL,
    description TEXT,
    class_name TEXT NOT NULL,
    color TEXT NOT NULL DEFAULT '#007bff',
    created_at TEXT NOT NULL DEFAULT (datetime('now'))
  );
INSERT INTO "groups" VALUES(1,'第一组邓','','默认班级','#007bff','2025-10-02 01:22:53.107286');
INSERT INTO "groups" VALUES(2,'第二组杨博皓','','默认班级','#007bff','2025-10-02 01:47:47.502258');
INSERT INTO "groups" VALUES(3,'第三组李多多','','默认班级','#007bff','2025-10-02 01:49:57.164864');
INSERT INTO "groups" VALUES(4,'侯千寻第四组','','默认班级','#007bff','2025-10-02 01:50:33.532558');
INSERT INTO "groups" VALUES(5,'第五组卿懿','','默认班级','#007bff','2025-10-02 01:51:02.283715');
INSERT INTO "groups" VALUES(6,'第六组项一诺','','默认班级','#007bff','2025-10-02 01:51:52.195706');
INSERT INTO "groups" VALUES(7,'第七组陈宛','','默认班级','#007bff','2025-10-02 01:52:25.060512');
INSERT INTO "groups" VALUES(8,'第八组程宇龙','','默认班级','#007bff','2025-10-02 01:52:53.012295');
CREATE TABLE students (
    id INTEGER PRIMARY KEY AUTOINCREMENT,
    student_id TEXT NOT NULL UNIQUE,
    name TEXT NOT NULL,
    class_name TEXT NOT NULL,
    group_id INTEGER,
    created_at TEXT NOT NULL DEFAULT (datetime('now'))
  );
INSERT INTO "students" VALUES(1,'import_2','邓诗蕊','默认班级',1,'2025-10-01 13:39:55.319013');
INSERT INTO "students" VALUES(2,'import_3','冉俊宇','默认班级',1,'2025-10-01 13:39:55.321709');
INSERT INTO "students" VALUES(3,'import_4','彭梓童','默认班级',1,'2025-10-01 13:39:55.322548');
INSERT INTO "students" VALUES(4,'import_5','陈思源','默认班级',1,'2025-10-01 13:39:55.323167');
INSERT INTO "students" VALUES(5,'import_6','张清心','默认班级',1,'2025-10-01 13:39:55.323775');
INSERT INTO "students" VALUES(6,'import_7','陈郑渝','默认班级',1,'2025-10-01 13:39:55.324328');
INSERT INTO "students" VALUES(7,'import_8','成怡嘉','默认班级',1,'2025-10-01 13:39:55.324908');
INSERT INTO "students" VALUES(8,'import_9','杨博皓','默认班级',2,'2025-10-01 13:39:55.325516');
INSERT INTO "students" VALUES(9,'import_10','唐雨菡','默认班级',2,'2025-10-01 13:39:55.326104');
INSERT INTO "students" VALUES(10,'import_11','商轩睿','默认班级',2,'2025-10-01 13:39:55.326669');
INSERT INTO "students" VALUES(11,'import_12','吴雨桐','默认班级',2,'2025-10-01 13:39:55.327207');
INSERT INTO "students" VALUES(12,'import_13','杜铭涵','默认班级',2,'2025-10-01 13:39:55.327796');
INSERT INTO "students" VALUES(13,'import_14','明驿航','默认班级',2,'2025-10-01 13:39:55.328383');
INSERT INTO "students" VALUES(14,'import_15','李多多','默认班级',3,'2025-10-01 13:39:55.328965');
INSERT INTO "students" VALUES(15,'import_16','肖笑妍','默认班级',3,'2025-10-01 13:39:55.329535');
INSERT INTO "students" VALUES(16,'import_17','潘昱灿','默认班级',3,'2025-10-01 13:39:55.330146');
INSERT INTO "students" VALUES(17,'import_18','王秋茹','默认班级',3,'2025-10-01 13:39:55.330684');
INSERT INTO "students" VALUES(18,'import_19','瞿文涛','默认班级',3,'2025-10-01 13:39:55.331315');
INSERT INTO "students" VALUES(19,'import_20','蒲陶','默认班级',3,'2025-10-01 13:39:55.331854');
INSERT INTO "students" VALUES(20,'import_21','侯千寻','默认班级',4,'2025-10-01 13:39:55.332449');
INSERT INTO "students" VALUES(21,'import_22','秦朗','默认班级',4,'2025-10-01 13:39:55.333001');
INSERT INTO "students" VALUES(22,'import_23','周予涵','默认班级',4,'2025-10-01 13:39:55.333571');
INSERT INTO "students" VALUES(23,'import_24','王子涵','默认班级',4,'2025-10-01 13:39:55.334235');
INSERT INTO "students" VALUES(24,'import_25','李铭轩','默认班级',4,'2025-10-01 13:39:55.334861');
INSERT INTO "students" VALUES(25,'import_26','柳籽伊','默认班级',4,'2025-10-01 13:39:55.335630');
INSERT INTO "students" VALUES(26,'import_27','李棱曦','默认班级',4,'2025-10-01 13:39:55.336447');
INSERT INTO "students" VALUES(27,'import_28','卿懿','默认班级',5,'2025-10-01 13:39:55.337092');
INSERT INTO "students" VALUES(28,'import_29','何韵涵','默认班级',5,'2025-10-01 13:39:55.337701');
INSERT INTO "students" VALUES(29,'import_30','罗春琰','默认班级',5,'2025-10-01 13:39:55.338353');
INSERT INTO "students" VALUES(30,'import_31','王俊凯','默认班级',5,'2025-10-01 13:39:55.338936');
INSERT INTO "students" VALUES(31,'import_32','胡晨予','默认班级',5,'2025-10-01 13:39:55.339579');
INSERT INTO "students" VALUES(32,'import_33','于子豪','默认班级',5,'2025-10-01 13:39:55.340339');
INSERT INTO "students" VALUES(33,'import_34','项一诺','默认班级',6,'2025-10-01 13:39:55.341301');
INSERT INTO "students" VALUES(34,'import_35','喻素子涵','默认班级',6,'2025-10-01 13:39:55.342024');
INSERT INTO "students" VALUES(35,'import_36','胡星','默认班级',6,'2025-10-01 13:39:55.342653');
INSERT INTO "students" VALUES(36,'import_37','程释嘉','默认班级',6,'2025-10-01 13:39:55.343175');
INSERT INTO "students" VALUES(37,'import_38','李杭骏','默认班级',6,'2025-10-01 13:39:55.343703');
INSERT INTO "students" VALUES(38,'import_39','曾昊','默认班级',6,'2025-10-01 13:39:55.344257');
INSERT INTO "students" VALUES(39,'import_40','陈宛均','默认班级',7,'2025-10-01 13:39:55.344913');
INSERT INTO "students" VALUES(40,'import_41','赵俊臣','默认班级',7,'2025-10-01 13:39:55.345513');
INSERT INTO "students" VALUES(41,'import_42','张诗妍','默认班级',7,'2025-10-01 13:39:55.346112');
INSERT INTO "students" VALUES(42,'import_43','黄梓莘','默认班级',7,'2025-10-01 13:39:55.346668');
INSERT INTO "students" VALUES(43,'import_44','周子涵','默认班级',7,'2025-10-01 13:39:55.347223');
INSERT INTO "students" VALUES(44,'import_45','左雨萱','默认班级',7,'2025-10-01 13:39:55.347732');
INSERT INTO "students" VALUES(45,'import_46','程宇龙','默认班级',8,'2025-10-01 13:39:55.348292');
INSERT INTO "students" VALUES(46,'import_47','包宸旭','默认班级',8,'2025-10-01 13:39:55.348824');
INSERT INTO "students" VALUES(47,'import_48','陈品滔','默认班级',8,'2025-10-01 13:39:55.349359');
INSERT INTO "students" VALUES(48,'import_49','曾梓晨','默认班级',8,'2025-10-01 13:39:55.349886');
INSERT INTO "students" VALUES(49,'import_50','周雨薇','默认班级',8,'2025-10-01 13:39:55.350412');
INSERT INTO "students" VALUES(50,'import_51','任君航','默认班级',8,'2025-10-01 13:39:55.350917');
CREATE TABLE points_records (
    id INTEGER PRIMARY KEY AUTOINCREMENT,
    student_id INTEGER NOT NULL,
    points INTEGER NOT NULL,
    reason TEXT,
    category TEXT NOT NULL,
    operator TEXT,
    created_at TEXT NOT NULL DEFAULT (datetime('now')),
    FOREIGN KEY(student_id) REFERENCES students(id)
  );
INSERT INTO "points_records" VALUES(1,1,7460,'批量导入','批量导入','杨博皓','2025-10-02 01:19:43.646816');
INSERT INTO "points_records" VALUES(2,14,5860,'批量导入','批量导入','杨博皓','2025-10-02 01:19:43.648936');
INSERT INTO "points_records" VALUES(3,27,5042,'批量导入','批量导入','杨博皓','2025-10-02 01:19:43.649776');
INSERT INTO "points_records" VALUES(4,15,4923,'批量导入','批量导入','杨博皓','2025-10-02 01:19:43.650364');
INSERT INTO "points_records" VALUES(5,48,3950,'批量导入','批量导入','杨博皓','2025-10-02 01:19:43.651027');
INSERT INTO "points_records" VALUES(6,16,3524,'批量导入','批量导入','杨博皓','2025-10-02 01:19:43.651663');
INSERT INTO "points_records" VALUES(7,20,3381,'批量导入','批量导入','杨博皓','2025-10-02 01:19:43.652330');
INSERT INTO "points_records" VALUES(8,4,3288,'批量导入','批量导入','杨博皓','2025-10-02 01:19:43.653408');
INSERT INTO "points_records" VALUES(9,44,3276,'批量导入','批量导入','杨博皓','2025-10-02 01:19:43.654433');
INSERT INTO "points_records" VALUES(10,19,2529,'批量导入','批量导入','杨博皓','2025-10-02 01:19:43.655202');
INSERT INTO "points_records" VALUES(11,8,2341,'批量导入','批量导入','杨博皓','2025-10-02 01:19:43.655880');
INSERT INTO "points_records" VALUES(12,45,2232,'批量导入','批量导入','杨博皓','2025-10-02 01:19:43.656485');
INSERT INTO "points_records" VALUES(13,11,2198,'批量导入','批量导入','杨博皓','2025-10-02 01:19:43.657074');
INSERT INTO "points_records" VALUES(14,41,2136,'批量导入','批量导入','杨博皓','2025-10-02 01:19:43.657635');
INSERT INTO "points_records" VALUES(15,33,2040,'批量导入','批量导入','杨博皓','2025-10-02 01:19:43.658160');
INSERT INTO "points_records" VALUES(16,5,1825,'批量导入','批量导入','杨博皓','2025-10-02 01:19:43.659095');
INSERT INTO "points_records" VALUES(17,25,1802,'批量导入','批量导入','杨博皓','2025-10-02 01:19:43.659665');
INSERT INTO "points_records" VALUES(18,49,1648,'批量导入','批量导入','杨博皓','2025-10-02 01:19:43.660301');
INSERT INTO "points_records" VALUES(19,38,1531,'批量导入','批量导入','杨博皓','2025-10-02 01:19:43.660938');
INSERT INTO "points_records" VALUES(20,7,1393,'批量导入','批量导入','杨博皓','2025-10-02 01:19:43.661494');
INSERT INTO "points_records" VALUES(21,26,1345,'批量导入','批量导入','杨博皓','2025-10-02 01:19:43.662062');
INSERT INTO "points_records" VALUES(22,17,1299,'批量导入','批量导入','杨博皓','2025-10-02 01:19:43.662659');
INSERT INTO "points_records" VALUES(23,23,1294,'批量导入','批量导入','杨博皓','2025-10-02 01:19:43.663213');
INSERT INTO "points_records" VALUES(24,31,1234,'批量导入','批量导入','杨博皓','2025-10-02 01:19:43.663840');
INSERT INTO "points_records" VALUES(25,43,1219,'批量导入','批量导入','杨博皓','2025-10-02 01:19:43.664373');
INSERT INTO "points_records" VALUES(26,35,1162,'批量导入','批量导入','杨博皓','2025-10-02 01:19:43.664966');
INSERT INTO "points_records" VALUES(27,24,1134,'批量导入','批量导入','杨博皓','2025-10-02 01:19:43.665569');
INSERT INTO "points_records" VALUES(28,47,1091,'批量导入','批量导入','杨博皓','2025-10-02 01:19:43.666110');
INSERT INTO "points_records" VALUES(29,9,1035,'批量导入','批量导入','杨博皓','2025-10-02 01:19:43.666688');
INSERT INTO "points_records" VALUES(30,37,937,'批量导入','批量导入','杨博皓','2025-10-02 01:19:43.667205');
INSERT INTO "points_records" VALUES(31,13,907,'批量导入','批量导入','杨博皓','2025-10-02 01:19:43.667774');
INSERT INTO "points_records" VALUES(32,34,898,'批量导入','批量导入','杨博皓','2025-10-02 01:19:43.668308');
INSERT INTO "points_records" VALUES(33,30,881,'批量导入','批量导入','杨博皓','2025-10-02 01:19:43.668855');
INSERT INTO "points_records" VALUES(34,12,868,'批量导入','批量导入','杨博皓','2025-10-02 01:19:43.669368');
INSERT INTO "points_records" VALUES(35,39,862,'批量导入','批量导入','杨博皓','2025-10-02 01:19:43.669926');
INSERT INTO "points_records" VALUES(36,46,819,'批量导入','批量导入','杨博皓','2025-10-02 01:19:43.670515');
INSERT INTO "points_records" VALUES(37,42,791,'批量导入','批量导入','杨博皓','2025-10-02 01:19:43.671165');
INSERT INTO "points_records" VALUES(38,32,712,'批量导入','批量导入','杨博皓','2025-10-02 01:19:43.671787');
INSERT INTO "points_records" VALUES(39,22,518,'批量导入','批量导入','杨博皓','2025-10-02 01:19:43.672315');
INSERT INTO "points_records" VALUES(40,6,212,'批量导入','批量导入','杨博皓','2025-10-02 01:19:43.672859');
INSERT INTO "points_records" VALUES(41,3,205,'批量导入','批量导入','杨博皓','2025-10-02 01:19:43.673460');
INSERT INTO "points_records" VALUES(42,2,163,'批量导入','批量导入','杨博皓','2025-10-02 01:19:43.674614');
INSERT INTO "points_records" VALUES(43,50,-13,'批量导入','批量导入','杨博皓','2025-10-02 01:19:43.675491');
INSERT INTO "points_records" VALUES(44,40,-198,'批量导入','批量导入','杨博皓','2025-10-02 01:19:43.676139');
INSERT INTO "points_records" VALUES(45,10,-342,'批量导入','批量导入','杨博皓','2025-10-02 01:19:43.676748');
INSERT INTO "points_records" VALUES(46,18,-742,'批量导入','批量导入','杨博皓','2025-10-02 01:19:43.677516');
INSERT INTO "points_records" VALUES(47,21,-766,'批量导入','批量导入','杨博皓','2025-10-02 01:19:43.678294');
INSERT INTO "points_records" VALUES(48,29,-1326,'批量导入','批量导入','杨博皓','2025-10-02 01:19:43.678925');
INSERT INTO "points_records" VALUES(49,36,197,'自定义加分','自定义','','2025-10-02 01:21:22.785132');
INSERT INTO "points_records" VALUES(50,28,1949,'自定义加分','自定义','','2025-10-02 01:22:23.670359');
INSERT INTO "points_records" VALUES(51,1,175,'自定义加分','本周总分','','2025-10-02 01:55:29.211069');
INSERT INTO "points_records" VALUES(52,29,20,'自定义加分','本周总分','','2025-10-02 01:57:07.646116');
INSERT INTO "points_records" VALUES(53,29,-40,'不小心多加了20分','本周总分','','2025-10-02 01:57:43.306061');
INSERT INTO "points_records" VALUES(54,3,-60,'自定义扣分','本周总分','','2025-10-02 01:58:54.316028');
INSERT INTO "points_records" VALUES(55,3,20,'自定义加分','本周总分','','2025-10-02 01:59:04.986289');
INSERT INTO "points_records" VALUES(56,4,80,'自定义加分','本周总分','','2025-10-02 01:59:41.114962');
INSERT INTO "points_records" VALUES(57,5,25,'自定义加分','本周总分','','2025-10-02 01:59:59.745505');
INSERT INTO "points_records" VALUES(58,6,-30,'自定义扣分','本周总分','','2025-10-02 02:00:12.145843');
INSERT INTO "points_records" VALUES(59,7,115,'自定义加分','本周总分','','2025-10-02 02:00:40.089887');
INSERT INTO "points_records" VALUES(60,8,-40,'自定义扣分','本周总分','','2025-10-02 02:01:08.945565');
INSERT INTO "points_records" VALUES(61,9,-40,'自定义扣分','本周总分','','2025-10-02 02:01:17.424830');
INSERT INTO "points_records" VALUES(62,10,70,'自定义加分','本周总分','','2025-10-02 02:01:30.144667');
INSERT INTO "points_records" VALUES(63,11,55,'自定义加分','本周总分','','2025-10-02 02:02:42.161806');
INSERT INTO "points_records" VALUES(64,12,-20,'自定义扣分','本周总分','','2025-10-02 02:02:52.864874');
INSERT INTO "points_records" VALUES(65,13,-60,'自定义扣分','本周总分','','2025-10-02 02:03:14.161395');
INSERT INTO "points_records" VALUES(66,14,170,'自定义加分','自定义','','2025-10-02 02:04:13.506590');
INSERT INTO "points_records" VALUES(67,15,160,'自定义加分','本周总分','','2025-10-02 02:04:36.537035');
INSERT INTO "points_records" VALUES(68,17,-40,'自定义扣分','本周总分','','2025-10-02 02:05:00.697627');
INSERT INTO "points_records" VALUES(69,19,-20,'自定义扣分','本周总分','','2025-10-02 02:05:15.729736');
INSERT INTO "points_records" VALUES(70,16,70,'自定义加分','本周总分','','2025-10-02 02:05:33.192949');
INSERT INTO "points_records" VALUES(71,20,100,'自定义加分','本周总分','','2025-10-02 02:09:17.688499');
INSERT INTO "points_records" VALUES(72,22,-20,'自定义扣分','本周总分','','2025-10-02 02:09:39.022422');
INSERT INTO "points_records" VALUES(73,42,-40,'自定义扣分','本周总分','','2025-10-02 02:10:01.535145');
INSERT INTO "points_records" VALUES(74,24,-20,'自定义扣分','本周总分','','2025-10-02 02:10:24.942427');
INSERT INTO "points_records" VALUES(75,39,-30,'自定义扣分','本周总分','','2025-10-02 02:11:00.889782');
INSERT INTO "points_records" VALUES(76,26,320,'自定义加分','本周总分','','2025-10-02 02:11:17.615245');
INSERT INTO "points_records" VALUES(77,27,60,'自定义加分','本周总分','','2025-10-02 02:11:39.279369');
INSERT INTO "points_records" VALUES(78,31,-20,'自定义扣分','本周总分','','2025-10-02 02:12:38.608774');
INSERT INTO "points_records" VALUES(79,2,-20,'自定义扣分','本周总分','','2025-10-02 02:12:38.614156');
INSERT INTO "points_records" VALUES(80,35,-20,'自定义扣分','本周总分','','2025-10-02 02:12:38.612411');
INSERT INTO "points_records" VALUES(81,32,-20,'自定义扣分','本周总分','','2025-10-02 02:12:38.610707');
INSERT INTO "points_records" VALUES(82,2,-1,'自定义扣分','本周总分','','2025-10-02 02:12:50.376425');
INSERT INTO "points_records" VALUES(83,2,1,'自定义加分','本周总分','','2025-10-02 02:12:57.960203');
INSERT INTO "points_records" VALUES(84,30,-20,'自定义扣分','本周总分','','2025-10-02 02:13:25.025019');
INSERT INTO "points_records" VALUES(85,2,-25,'自定义扣分','本周总分','','2025-10-02 02:13:30.129751');
INSERT INTO "points_records" VALUES(86,33,70,'自定义加分','本周总分','','2025-10-02 02:13:51.457515');
INSERT INTO "points_records" VALUES(87,34,-15,'自定义扣分','本周总分','','2025-10-02 02:14:17.489231');
INSERT INTO "points_records" VALUES(88,47,-30,'自定义扣分','本周总分','','2025-10-02 02:14:55.443544');
INSERT INTO "points_records" VALUES(89,38,-20,'自定义扣分','本周总分','','2025-10-02 02:15:19.457008');
INSERT INTO "points_records" VALUES(90,40,-20,'自定义扣分','本周总分','','2025-10-02 02:15:19.458648');
INSERT INTO "points_records" VALUES(91,43,-45,'自定义扣分','本周总分','','2025-10-02 02:15:34.240695');
INSERT INTO "points_records" VALUES(92,37,-40,'自定义扣分','本周总分','','2025-10-02 02:15:53.264719');
INSERT INTO "points_records" VALUES(93,41,-20,'自定义扣分','本周总分','','2025-10-02 02:16:09.945529');
INSERT INTO "points_records" VALUES(94,23,-30,'自定义扣分','本周总分','','2025-10-02 02:16:37.160958');
INSERT INTO "points_records" VALUES(95,25,200,'自定义加分','本周总分','','2025-10-02 02:16:54.713147');
INSERT INTO "points_records" VALUES(96,44,-5,'自定义扣分','本周总分','','2025-10-02 02:17:50.716789');
INSERT INTO "points_records" VALUES(97,45,-10,'自定义扣分','本周总分','','2025-10-02 02:18:07.592509');
INSERT INTO "points_records" VALUES(98,21,-55,'自定义扣分','本周总分','','2025-10-02 02:18:29.224556');
INSERT INTO "points_records" VALUES(99,48,-30,'自定义扣分','本周总分','','2025-10-02 02:18:49.761246');
INSERT INTO "points_records" VALUES(100,48,60,'自定义加分','本周总分','','2025-10-02 02:18:55.616442');
INSERT INTO "points_records" VALUES(101,49,150,'自定义加分','本周总分','','2025-10-02 02:19:10.184479');
INSERT INTO "points_records" VALUES(102,50,-40,'自定义扣分','本周总分','','2025-10-02 02:19:24.024982');
INSERT INTO "points_records" VALUES(103,1,150,'自定义加分','自定义','','2025-10-11 13:16:10.325675');
INSERT INTO "points_records" VALUES(104,1,-20,'自定义扣分','本周总分','','2025-10-11 13:18:44.063006');
INSERT INTO "points_records" VALUES(105,6,-20,'自定义扣分','本周总分','','2025-10-11 13:18:44.070613');
INSERT INTO "points_records" VALUES(106,4,-20,'自定义扣分','本周总分','','2025-10-11 13:18:44.070825');
INSERT INTO "points_records" VALUES(107,7,-20,'自定义扣分','本周总分','','2025-10-11 13:18:44.087386');
INSERT INTO "points_records" VALUES(108,5,-20,'自定义扣分','本周总分','','2025-10-11 13:18:44.071243');
INSERT INTO "points_records" VALUES(109,3,-20,'自定义扣分','本周总分','','2025-10-11 13:18:44.070328');
INSERT INTO "points_records" VALUES(110,2,-20,'自定义扣分','本周总分','','2025-10-11 13:18:44.071030');
INSERT INTO "points_records" VALUES(111,29,-95,'自定义扣分','本周总分','','2025-10-11 13:24:49.324544');
INSERT INTO "points_records" VALUES(112,3,-50,'自定义扣分','自定义','','2025-10-11 13:42:24.929308');
INSERT INTO "points_records" VALUES(113,4,45,'自定义加分','本周总分','','2025-10-11 13:43:20.661496');
INSERT INTO "points_records" VALUES(114,5,40,'自定义加分','本周总分','','2025-10-11 13:46:26.378610');
INSERT INTO "points_records" VALUES(115,3,40,'自定义加分','本周总分','','2025-10-11 13:46:26.424192');
INSERT INTO "points_records" VALUES(116,3,-40,'不小心加多了','自定义','','2025-10-11 13:47:13.119056');
INSERT INTO "points_records" VALUES(117,6,30,'自定义加分','本周总分','','2025-10-11 13:47:38.650293');
INSERT INTO "points_records" VALUES(118,7,30,'自定义加分','本周总分','','2025-10-11 13:50:55.850919');
INSERT INTO "points_records" VALUES(119,8,28,'自定义加分','本周总分','','2025-10-11 13:52:23.706459');
INSERT INTO "points_records" VALUES(120,7,30,'自定义加分','本周总分','','2025-10-11 13:52:45.524057');
INSERT INTO "points_records" VALUES(121,7,-30,'自定义扣分','自定义','','2025-10-11 13:53:01.607864');
INSERT INTO "points_records" VALUES(122,1,20,'自定义加分','班干','','2025-10-11 13:53:39.256947');
INSERT INTO "points_records" VALUES(123,4,15,'自定义加分','班干','','2025-10-11 13:53:45.065421');
INSERT INTO "points_records" VALUES(124,8,30,'自定义加分','班干','','2025-10-11 13:53:56.225390');
INSERT INTO "points_records" VALUES(125,8,-10,'自定义扣分','班干','','2025-10-11 13:54:04.065943');
INSERT INTO "points_records" VALUES(126,9,-9,'自定义扣分','本周总分','','2025-10-11 13:54:28.199414');
INSERT INTO "points_records" VALUES(127,10,-7,'自定义扣分','本周总分','','2025-10-11 13:54:42.196381');
INSERT INTO "points_records" VALUES(128,11,63,'自定义加分','本周总分','','2025-10-11 13:54:54.636931');
INSERT INTO "points_records" VALUES(129,11,15,'自定义加分','班干','','2025-10-11 13:55:05.319357');
INSERT INTO "points_records" VALUES(130,13,15,'自定义加分','班干','','2025-10-11 13:55:05.375859');
INSERT INTO "points_records" VALUES(131,12,38,'自定义加分','本周总分','','2025-10-11 13:55:29.823012');
INSERT INTO "points_records" VALUES(132,13,-32,'自定义扣分','自定义','','2025-10-11 13:58:02.812223');
INSERT INTO "points_records" VALUES(133,18,-10,'家校本','本周总分','','2025-10-11 13:58:27.437164');
INSERT INTO "points_records" VALUES(134,36,-10,'家校本','本周总分','','2025-10-11 13:58:43.514151');
INSERT INTO "points_records" VALUES(135,14,-30,'回来晚','小组扣分','','2025-10-11 13:59:08.905442');
INSERT INTO "points_records" VALUES(136,15,-30,'回来晚','小组扣分','','2025-10-11 13:59:09.236570');
INSERT INTO "points_records" VALUES(137,16,-30,'回来晚','小组扣分','','2025-10-11 13:59:09.445732');
INSERT INTO "points_records" VALUES(138,18,-30,'回来晚','小组扣分','','2025-10-11 13:59:09.485251');
INSERT INTO "points_records" VALUES(139,17,-30,'回来晚','小组扣分','','2025-10-11 13:59:09.528245');
INSERT INTO "points_records" VALUES(140,19,-30,'回来晚','小组扣分','','2025-10-11 13:59:09.579532');
INSERT INTO "points_records" VALUES(141,14,110,'自定义加分','本周总分','','2025-10-11 13:59:29.407555');
INSERT INTO "points_records" VALUES(142,15,125,'自定义加分','本周总分','','2025-10-11 14:01:11.987470');
INSERT INTO "points_records" VALUES(143,15,10,'自定义加分','班干','','2025-10-11 14:01:22.194210');
INSERT INTO "points_records" VALUES(144,14,10,'自定义加分','班干','','2025-10-11 14:01:22.228623');
INSERT INTO "points_records" VALUES(145,19,10,'自定义加分','班干','','2025-10-11 14:01:22.502469');
INSERT INTO "points_records" VALUES(146,16,15,'自定义加分','班干','','2025-10-11 14:01:26.434453');
INSERT INTO "points_records" VALUES(147,16,115,'自定义加分','自定义','','2025-10-11 14:07:02.920370');
INSERT INTO "points_records" VALUES(148,17,25,'自定义加分','自定义','','2025-10-11 14:07:11.612895');
INSERT INTO "points_records" VALUES(149,18,-30,'自定义扣分','自定义','','2025-10-11 14:07:22.693703');
INSERT INTO "points_records" VALUES(150,19,-60,'自定义扣分','自定义','','2025-10-11 14:07:32.915475');
INSERT INTO "points_records" VALUES(151,20,40,'自定义加分','本周总分','','2025-10-12 00:43:22.552019');
INSERT INTO "points_records" VALUES(152,20,20,'自定义加分','班干','','2025-10-12 00:43:33.511338');
INSERT INTO "points_records" VALUES(153,19,100,'自定义加分','班干','','2025-10-12 00:45:12.758993');
INSERT INTO "points_records" VALUES(154,21,-10,'自定义扣分','自定义','','2025-10-12 00:45:58.698715');
INSERT INTO "points_records" VALUES(155,20,-10,'自定义扣分','小组扣分','','2025-10-12 00:46:12.147230');
INSERT INTO "points_records" VALUES(156,21,-10,'自定义扣分','小组扣分','','2025-10-12 00:46:12.176930');
INSERT INTO "points_records" VALUES(157,22,-10,'自定义扣分','小组扣分','','2025-10-12 00:46:12.429341');
INSERT INTO "points_records" VALUES(158,23,-10,'自定义扣分','小组扣分','','2025-10-12 00:46:12.466437');
INSERT INTO "points_records" VALUES(159,24,-10,'自定义扣分','小组扣分','','2025-10-12 00:46:12.637473');
INSERT INTO "points_records" VALUES(160,25,-10,'自定义扣分','小组扣分','','2025-10-12 00:46:12.663294');
INSERT INTO "points_records" VALUES(161,26,-10,'自定义扣分','小组扣分','','2025-10-12 00:46:12.693496');
INSERT INTO "points_records" VALUES(162,22,9,'自定义加分','自定义','','2025-10-12 00:49:09.892309');
INSERT INTO "points_records" VALUES(163,23,144,'自定义加分','自定义','','2025-10-12 00:49:40.808445');
INSERT INTO "points_records" VALUES(164,24,39,'自定义加分','自定义','','2025-10-12 00:50:17.133383');
INSERT INTO "points_records" VALUES(165,25,54,'自定义加分','自定义','','2025-10-12 00:50:40.360968');
INSERT INTO "points_records" VALUES(166,26,34,'自定义加分','本周总分','','2025-10-12 00:50:56.403983');
INSERT INTO "points_records" VALUES(167,27,80,'自定义加分','本周总分','','2025-10-12 01:07:25.849966');
INSERT INTO "points_records" VALUES(168,28,85,'自定义加分','本周总分','','2025-10-12 01:08:01.889788');
INSERT INTO "points_records" VALUES(169,29,-95,'自定义扣分','本周总分','','2025-10-12 01:08:17.324430');
INSERT INTO "points_records" VALUES(170,30,-5,'自定义扣分','本周总分','','2025-10-12 01:08:40.557887');
INSERT INTO "points_records" VALUES(171,32,10,'自定义加分','班干','','2025-10-12 01:08:50.873042');
INSERT INTO "points_records" VALUES(172,31,65,'自定义加分','本周总分','','2025-10-12 01:22:06.328561');
INSERT INTO "points_records" VALUES(173,32,80,'自定义加分','本周总分','','2025-10-12 01:22:10.748289');
INSERT INTO "points_records" VALUES(174,33,99,'自定义加分','本周总分','','2025-10-12 01:22:38.455488');
INSERT INTO "points_records" VALUES(175,34,15,'自定义加分','本周总分','','2025-10-12 01:22:53.894514');
INSERT INTO "points_records" VALUES(176,35,64,'自定义加分','本周总分','','2025-10-12 01:23:07.387386');
INSERT INTO "points_records" VALUES(177,36,-10,'自定义扣分','本周总分','','2025-10-12 01:23:36.298791');
INSERT INTO "points_records" VALUES(178,37,34,'自定义加分','本周总分','','2025-10-12 01:23:56.271540');
INSERT INTO "points_records" VALUES(179,38,8,'自定义加分','本周总分','','2025-10-12 01:24:11.016561');
INSERT INTO "points_records" VALUES(180,39,73,'自定义加分','本周总分','','2025-10-12 01:25:18.808576');
INSERT INTO "points_records" VALUES(181,40,25,'自定义加分','本周总分','','2025-10-12 01:25:30.412944');
INSERT INTO "points_records" VALUES(182,41,-2,'自定义扣分','本周总分','','2025-10-12 01:25:42.069391');
INSERT INTO "points_records" VALUES(183,42,-5,'自定义扣分','本周总分','','2025-10-12 01:25:57.186568');
INSERT INTO "points_records" VALUES(184,43,-7,'自定义扣分','本周总分','','2025-10-12 01:26:08.388879');
INSERT INTO "points_records" VALUES(185,44,18,'自定义加分','本周总分','','2025-10-12 01:26:19.937003');
INSERT INTO "points_records" VALUES(186,45,75,'自定义加分','本周总分','','2025-10-12 01:26:42.623174');
INSERT INTO "points_records" VALUES(187,44,15,'自定义加分','班干','','2025-10-12 01:26:48.167309');
INSERT INTO "points_records" VALUES(188,47,90,'自定义加分','班干','','2025-10-12 01:27:24.568798');
INSERT INTO "points_records" VALUES(189,48,5,'自定义加分','班干','','2025-10-12 01:27:35.755518');
INSERT INTO "points_records" VALUES(190,49,75,'自定义加分','班干','','2025-10-12 01:27:49.537571');
INSERT INTO "points_records" VALUES(191,50,25,'自定义加分','班干','','2025-10-12 01:28:06.306643');
INSERT INTO "points_records" VALUES(192,6,20,'背书','自定义','','2025-10-12 09:36:27.151599');
INSERT INTO "points_records" VALUES(193,2,20,'背书','自定义','','2025-10-12 09:36:27.440522');
INSERT INTO "points_records" VALUES(194,1,4,'自定义加分','自定义','','2025-10-17 07:36:02.476213');
INSERT INTO "points_records" VALUES(195,2,4,'自定义加分','自定义','','2025-10-17 07:36:02.691773');
INSERT INTO "points_records" VALUES(196,3,4,'自定义加分','自定义','','2025-10-17 07:36:02.756228');
INSERT INTO "points_records" VALUES(197,4,4,'自定义加分','自定义','','2025-10-17 07:36:02.815873');
INSERT INTO "points_records" VALUES(198,6,4,'自定义加分','自定义','','2025-10-17 07:36:02.883557');
INSERT INTO "points_records" VALUES(199,5,4,'自定义加分','自定义','','2025-10-17 07:36:02.956870');
INSERT INTO "points_records" VALUES(200,7,4,'自定义加分','自定义','','2025-10-17 07:36:03.042164');
INSERT INTO "points_records" VALUES(201,1,90,'自定义加分','本周总分','','2025-10-17 07:36:38.968358');
INSERT INTO "points_records" VALUES(202,3,-35,'自定义扣分','本周总分','','2025-10-17 07:37:21.028829');
INSERT INTO "points_records" VALUES(203,6,-20,'自定义扣分','本周总分','','2025-10-17 07:38:14.699961');
INSERT INTO "points_records" VALUES(204,4,-45,'自定义扣分','本周总分','','2025-10-17 07:38:37.732618');
INSERT INTO "points_records" VALUES(205,4,90,'自定义加分','本周总分','','2025-10-17 07:38:45.914334');
INSERT INTO "points_records" VALUES(206,5,5,'自定义加分','本周总分','','2025-10-17 07:39:11.388039');
INSERT INTO "points_records" VALUES(207,8,55,'自定义加分','自定义','','2025-10-17 07:39:41.004425');
INSERT INTO "points_records" VALUES(208,10,-90,'自定义扣分','自定义','','2025-10-17 07:40:05.449900');
INSERT INTO "points_records" VALUES(209,11,45,'自定义加分','自定义','','2025-10-17 07:40:49.971261');
INSERT INTO "points_records" VALUES(210,12,25,'自定义加分','自定义','','2025-10-17 07:41:03.657527');
INSERT INTO "points_records" VALUES(211,13,30,'自定义加分','本周总分','','2025-10-17 07:41:45.716557');
INSERT INTO "points_records" VALUES(212,8,5,'英语','小组加分','','2025-10-17 07:42:00.839944');
INSERT INTO "points_records" VALUES(213,9,5,'英语','小组加分','','2025-10-17 07:42:01.145674');
INSERT INTO "points_records" VALUES(214,10,5,'英语','小组加分','','2025-10-17 07:42:01.340581');
INSERT INTO "points_records" VALUES(215,11,5,'英语','小组加分','','2025-10-17 07:42:01.384952');
INSERT INTO "points_records" VALUES(216,12,5,'英语','小组加分','','2025-10-17 07:42:01.439357');
INSERT INTO "points_records" VALUES(217,13,5,'英语','小组加分','','2025-10-17 07:42:01.495516');
INSERT INTO "points_records" VALUES(218,16,-20,'自定义扣分','自定义','','2025-10-17 07:45:52.960503');
INSERT INTO "points_records" VALUES(219,26,-20,'自定义扣分','自定义','','2025-10-17 07:45:53.005364');
INSERT INTO "points_records" VALUES(220,39,-20,'自定义扣分','自定义','','2025-10-17 07:45:53.274745');
INSERT INTO "points_records" VALUES(221,18,40,'自定义加分','自定义','','2025-10-17 07:46:45.891802');
INSERT INTO "points_records" VALUES(222,26,40,'自定义加分','自定义','','2025-10-17 07:46:45.924465');
INSERT INTO "points_records" VALUES(223,18,-40,'自定义扣分','自定义','','2025-10-17 07:47:08.601241');
INSERT INTO "points_records" VALUES(224,25,-20,'自定义扣分','自定义','','2025-10-17 07:47:28.892066');
INSERT INTO "points_records" VALUES(225,18,-10,'自定义扣分','自定义','','2025-10-17 07:48:13.052304');
INSERT INTO "points_records" VALUES(226,21,-10,'自定义扣分','自定义','','2025-10-17 07:48:13.349073');
INSERT INTO "points_records" VALUES(227,29,-10,'自定义扣分','自定义','','2025-10-17 07:48:13.527153');
INSERT INTO "points_records" VALUES(228,30,-10,'自定义扣分','自定义','','2025-10-17 07:48:13.566550');
INSERT INTO "points_records" VALUES(229,31,-10,'自定义扣分','自定义','','2025-10-17 07:48:13.600767');
INSERT INTO "points_records" VALUES(230,40,-10,'自定义扣分','自定义','','2025-10-17 07:48:13.638019');
INSERT INTO "points_records" VALUES(231,47,-10,'自定义扣分','自定义','','2025-10-17 07:48:13.674104');
INSERT INTO "points_records" VALUES(232,14,40,'自定义加分','本周总分','','2025-10-17 07:48:59.894854');
INSERT INTO "points_records" VALUES(233,15,30,'自定义加分','本周总分','','2025-10-17 07:49:16.817566');
INSERT INTO "points_records" VALUES(234,16,70,'自定义加分','本周总分','','2025-10-17 07:49:27.478384');
INSERT INTO "points_records" VALUES(235,17,15,'自定义加分','本周总分','','2025-10-17 07:49:45.866872');
INSERT INTO "points_records" VALUES(236,18,-85,'自定义扣分','本周总分','','2025-10-17 07:49:59.773359');
INSERT INTO "points_records" VALUES(237,19,-5,'自定义扣分','本周总分','','2025-10-17 07:50:22.540548');
INSERT INTO "points_records" VALUES(238,19,10,'自定义加分','班干','','2025-10-17 07:51:22.398661');
INSERT INTO "points_records" VALUES(239,20,65,'自定义加分','本周总分','','2025-10-17 07:51:37.828075');
INSERT INTO "points_records" VALUES(240,21,-75,'自定义扣分','本周总分','','2025-10-17 07:51:53.472142');
INSERT INTO "points_records" VALUES(241,22,-35,'自定义扣分','本周总分','','2025-10-17 07:52:08.341127');
INSERT INTO "points_records" VALUES(242,23,-50,'自定义扣分','本周总分','','2025-10-17 07:52:39.481031');
INSERT INTO "points_records" VALUES(243,24,-20,'自定义扣分','本周总分','','2025-10-17 07:52:59.007193');
INSERT INTO "points_records" VALUES(244,25,-20,'自定义扣分','本周总分','','2025-10-17 07:53:17.169305');
INSERT INTO "points_records" VALUES(245,26,25,'自定义加分','本周总分','','2025-10-17 07:54:03.939490');
INSERT INTO "points_records" VALUES(246,27,65,'自定义加分','本周总分','','2025-10-17 07:54:19.503866');
INSERT INTO "points_records" VALUES(247,28,45,'自定义加分','本周总分','','2025-10-17 07:54:32.829139');
INSERT INTO "points_records" VALUES(248,29,-190,'自定义扣分','本周总分','','2025-10-17 07:54:47.697212');
INSERT INTO "points_records" VALUES(249,30,-10,'自定义扣分','本周总分','','2025-10-17 07:54:58.330951');
INSERT INTO "points_records" VALUES(250,31,-10,'自定义扣分','本周总分','','2025-10-17 07:55:35.004954');
INSERT INTO "points_records" VALUES(251,32,20,'自定义加分','本周总分','','2025-10-17 07:55:47.121268');
INSERT INTO "points_records" VALUES(252,33,55,'自定义加分','本周总分','','2025-10-17 07:57:29.673639');
INSERT INTO "points_records" VALUES(253,34,-5,'自定义扣分','本周总分','','2025-10-17 07:57:47.301889');
INSERT INTO "points_records" VALUES(254,35,45,'自定义加分','本周总分','','2025-10-17 07:58:01.674543');
INSERT INTO "points_records" VALUES(255,36,-85,'自定义扣分','本周总分','','2025-10-17 07:58:36.113666');
INSERT INTO "points_records" VALUES(256,37,40,'自定义加分','本周总分','','2025-10-17 07:58:57.868025');
INSERT INTO "points_records" VALUES(257,39,60,'自定义加分','本周总分','','2025-10-17 08:00:08.560099');
INSERT INTO "points_records" VALUES(258,40,-35,'自定义扣分','本周总分','','2025-10-17 08:00:30.581710');
INSERT INTO "points_records" VALUES(259,41,160,'自定义加分','本周总分','','2025-10-17 08:00:54.799936');
INSERT INTO "points_records" VALUES(260,42,-10,'自定义扣分','本周总分','','2025-10-17 08:01:29.893880');
INSERT INTO "points_records" VALUES(261,43,75,'自定义加分','本周总分','','2025-10-17 08:02:05.811551');
INSERT INTO "points_records" VALUES(262,44,25,'自定义加分','本周总分','','2025-10-17 08:02:24.602151');
INSERT INTO "points_records" VALUES(263,33,7,'自定义加分','小组加分','','2025-10-17 08:04:07.943157');
INSERT INTO "points_records" VALUES(264,34,7,'自定义加分','小组加分','','2025-10-17 08:04:08.260602');
INSERT INTO "points_records" VALUES(265,35,7,'自定义加分','小组加分','','2025-10-17 08:04:08.409950');
INSERT INTO "points_records" VALUES(266,36,7,'自定义加分','小组加分','','2025-10-17 08:04:08.467628');
INSERT INTO "points_records" VALUES(267,37,7,'自定义加分','小组加分','','2025-10-17 08:04:08.515180');
INSERT INTO "points_records" VALUES(268,38,7,'自定义加分','小组加分','','2025-10-17 08:04:08.553841');
INSERT INTO "points_records" VALUES(269,42,-5,'自定义扣分','小组扣分','','2025-10-17 08:04:39.547488');
INSERT INTO "points_records" VALUES(270,39,-5,'自定义扣分','小组扣分','','2025-10-17 08:04:39.580831');
INSERT INTO "points_records" VALUES(271,41,-5,'自定义扣分','小组扣分','','2025-10-17 08:04:39.609367');
INSERT INTO "points_records" VALUES(272,44,-5,'自定义扣分','小组扣分','','2025-10-17 08:04:39.639440');
INSERT INTO "points_records" VALUES(273,40,-5,'自定义扣分','小组扣分','','2025-10-17 08:04:39.673157');
INSERT INTO "points_records" VALUES(274,43,-5,'自定义扣分','小组扣分','','2025-10-17 08:04:39.704571');
INSERT INTO "points_records" VALUES(275,25,4,'自定义加分','本周总分','','2025-10-17 08:05:00.228444');
INSERT INTO "points_records" VALUES(276,21,4,'自定义加分','本周总分','','2025-10-17 08:05:00.267307');
INSERT INTO "points_records" VALUES(277,24,4,'自定义加分','本周总分','','2025-10-17 08:05:00.307574');
INSERT INTO "points_records" VALUES(278,20,4,'自定义加分','本周总分','','2025-10-17 08:05:00.343641');
INSERT INTO "points_records" VALUES(279,22,4,'自定义加分','本周总分','','2025-10-17 08:05:00.375912');
INSERT INTO "points_records" VALUES(280,23,4,'自定义加分','本周总分','','2025-10-17 08:05:00.406673');
INSERT INTO "points_records" VALUES(281,26,4,'自定义加分','本周总分','','2025-10-17 08:05:00.564977');
INSERT INTO "points_records" VALUES(282,14,3,'自定义加分','本周总分','','2025-10-17 08:05:13.206282');
INSERT INTO "points_records" VALUES(283,17,3,'自定义加分','本周总分','','2025-10-17 08:05:13.251542');
INSERT INTO "points_records" VALUES(284,18,3,'自定义加分','本周总分','','2025-10-17 08:05:13.287267');
INSERT INTO "points_records" VALUES(285,19,3,'自定义加分','本周总分','','2025-10-17 08:05:13.322278');
INSERT INTO "points_records" VALUES(286,16,3,'自定义加分','本周总分','','2025-10-17 08:05:13.371294');
INSERT INTO "points_records" VALUES(287,15,3,'自定义加分','本周总分','','2025-10-17 08:05:13.406427');
INSERT INTO "points_records" VALUES(288,45,25,'自定义加分','本周总分','','2025-10-17 08:05:33.045927');
INSERT INTO "points_records" VALUES(289,46,-10,'自定义扣分','本周总分','','2025-10-17 08:05:43.600899');
INSERT INTO "points_records" VALUES(290,47,-50,'自定义扣分','本周总分','','2025-10-17 08:06:01.847043');
INSERT INTO "points_records" VALUES(291,48,55,'自定义加分','本周总分','','2025-10-17 08:06:17.861200');
INSERT INTO "points_records" VALUES(292,50,-35,'自定义扣分','本周总分','','2025-10-17 08:06:28.345831');
INSERT INTO "points_records" VALUES(293,49,110,'自定义加分','自定义','','2025-10-17 08:06:53.778418');
INSERT INTO "points_records" VALUES(294,49,-100,'自定义扣分','自定义','','2025-10-17 08:15:26.883199');
INSERT INTO "points_records" VALUES(295,43,-120,'自定义扣分','自定义','','2025-10-17 08:15:58.033960');
INSERT INTO "points_records" VALUES(296,41,-150,'自定义扣分','自定义','','2025-10-17 08:16:14.025232');
INSERT INTO "points_records" VALUES(297,1,240,'自定义加分','本周总分','','2025-10-25 09:25:42.454251');
INSERT INTO "points_records" VALUES(298,2,5,'自定义加分','本周总分','','2025-10-25 09:31:08.738227');
INSERT INTO "points_records" VALUES(299,3,-25,'自定义扣分','本周总分','','2025-10-25 09:33:32.658038');
INSERT INTO "points_records" VALUES(300,4,110,'自定义加分','本周总分','','2025-10-25 09:36:18.845861');
INSERT INTO "points_records" VALUES(301,5,55,'自定义加分','本周总分','','2025-10-25 09:38:10.919374');
INSERT INTO "points_records" VALUES(302,6,-25,'自定义扣分','本周总分','','2025-10-25 09:41:09.826062');
INSERT INTO "points_records" VALUES(303,7,70,'自定义加分','本周总分','','2025-10-25 09:44:12.906691');
INSERT INTO "points_records" VALUES(304,9,-25,'自定义扣分','本周总分','','2025-10-25 09:47:51.361496');
INSERT INTO "points_records" VALUES(305,10,-2565,'自定义扣分','本周总分','','2025-10-25 09:48:06.192961');
INSERT INTO "points_records" VALUES(306,10,2500,'自定义加分','本周总分','','2025-10-25 09:49:39.600449');
INSERT INTO "points_records" VALUES(307,11,5,'自定义加分','本周总分','','2025-10-25 09:50:15.355785');
INSERT INTO "points_records" VALUES(308,12,-15,'自定义扣分','本周总分','','2025-10-25 09:50:25.052357');
INSERT INTO "points_records" VALUES(309,13,-15,'自定义扣分','本周总分','','2025-10-25 09:50:33.488509');
INSERT INTO "points_records" VALUES(310,14,190,'自定义加分','本周总分','','2025-10-25 09:50:52.514466');
INSERT INTO "points_records" VALUES(311,15,-95,'自定义扣分','本周总分','','2025-10-25 09:51:06.345159');
INSERT INTO "points_records" VALUES(312,16,-70,'自定义扣分','本周总分','','2025-10-25 09:51:26.411235');
INSERT INTO "points_records" VALUES(313,16,140,'自定义加分','本周总分','','2025-10-25 09:51:33.183387');
INSERT INTO "points_records" VALUES(314,18,-155,'自定义扣分','本周总分','','2025-10-25 09:51:54.267124');
INSERT INTO "points_records" VALUES(315,19,-95,'自定义扣分','本周总分','','2025-10-25 09:52:17.499040');
INSERT INTO "points_records" VALUES(316,16,10,'自定义加分','本周总分','','2025-10-25 09:52:32.104338');
INSERT INTO "points_records" VALUES(317,14,10,'自定义加分','本周总分','','2025-10-25 09:52:32.132703');
INSERT INTO "points_records" VALUES(318,15,10,'自定义加分','本周总分','','2025-10-25 09:52:32.162544');
INSERT INTO "points_records" VALUES(319,19,10,'自定义加分','本周总分','','2025-10-25 09:52:32.189124');
INSERT INTO "points_records" VALUES(320,8,20,'自定义加分','本周总分','','2025-10-25 09:52:40.162138');
INSERT INTO "points_records" VALUES(321,11,15,'自定义加分','本周总分','','2025-10-25 09:52:45.919869');
INSERT INTO "points_records" VALUES(322,13,15,'自定义加分','本周总分','','2025-10-25 09:52:45.947441');
INSERT INTO "points_records" VALUES(323,4,15,'自定义加分','本周总分','','2025-10-25 09:52:53.047838');
INSERT INTO "points_records" VALUES(324,20,55,'自定义加分','本周总分','','2025-10-25 09:54:20.154350');
INSERT INTO "points_records" VALUES(325,21,-20,'自定义扣分','本周总分','','2025-10-25 09:54:38.333701');
INSERT INTO "points_records" VALUES(326,23,-85,'自定义扣分','本周总分','','2025-10-25 09:55:01.936192');
INSERT INTO "points_records" VALUES(327,24,85,'自定义加分','本周总分','','2025-10-25 09:55:16.934978');
INSERT INTO "points_records" VALUES(328,26,60,'自定义加分','本周总分','','2025-10-25 09:56:10.081849');
INSERT INTO "points_records" VALUES(329,27,120,'自定义加分','本周总分','','2025-10-25 09:56:37.300654');
INSERT INTO "points_records" VALUES(330,28,30,'自定义加分','本周总分','','2025-10-25 09:56:52.579581');
INSERT INTO "points_records" VALUES(331,29,-150,'自定义扣分','本周总分','','2025-10-25 09:57:07.198345');
INSERT INTO "points_records" VALUES(332,30,-45,'自定义扣分','本周总分','','2025-10-25 09:57:20.196690');
INSERT INTO "points_records" VALUES(333,31,40,'自定义加分','本周总分','','2025-10-25 09:57:32.506728');
INSERT INTO "points_records" VALUES(334,32,-10,'自定义扣分','本周总分','','2025-10-25 09:58:12.451583');
INSERT INTO "points_records" VALUES(335,33,30,'自定义加分','自定义','','2025-10-25 09:58:55.215189');
INSERT INTO "points_records" VALUES(336,33,20,'自定义加分','自定义','','2025-10-25 09:59:15.724400');
INSERT INTO "points_records" VALUES(337,28,20,'自定义加分','自定义','','2025-10-25 09:59:15.752398');
INSERT INTO "points_records" VALUES(338,20,20,'自定义加分','自定义','','2025-10-25 09:59:15.781529');
INSERT INTO "points_records" VALUES(339,37,10,'自定义加分','自定义','','2025-10-25 09:59:20.315793');
INSERT INTO "points_records" VALUES(340,34,-80,'自定义扣分','自定义','','2025-10-25 09:59:37.585285');
INSERT INTO "points_records" VALUES(341,35,5,'自定义加分','自定义','','2025-10-25 09:59:47.030442');
INSERT INTO "points_records" VALUES(342,36,-55,'自定义扣分','自定义','','2025-10-25 09:59:57.610216');
INSERT INTO "points_records" VALUES(343,38,-45,'自定义扣分','自定义','','2025-10-25 10:00:10.827970');
INSERT INTO "points_records" VALUES(344,43,10,'自定义加分','自定义','','2025-10-25 10:00:45.968302');
INSERT INTO "points_records" VALUES(345,39,65,'自定义加分','自定义','','2025-10-25 10:01:21.686259');
INSERT INTO "points_records" VALUES(346,39,10,'自定义加分','自定义','','2025-10-25 10:01:29.884682');
INSERT INTO "points_records" VALUES(347,40,-110,'自定义扣分','自定义','','2025-10-25 10:01:38.786512');
INSERT INTO "points_records" VALUES(348,41,120,'自定义加分','自定义','','2025-10-25 10:01:51.895174');
INSERT INTO "points_records" VALUES(349,42,-30,'自定义扣分','自定义','','2025-10-25 10:02:19.958139');
INSERT INTO "points_records" VALUES(350,44,25,'自定义加分','自定义','','2025-10-25 10:02:35.524771');
INSERT INTO "points_records" VALUES(351,45,-5,'自定义扣分','自定义','','2025-10-25 10:02:44.574492');
INSERT INTO "points_records" VALUES(352,46,25,'自定义加分','自定义','','2025-10-25 10:03:03.490716');
INSERT INTO "points_records" VALUES(353,48,85,'自定义加分','自定义','','2025-10-25 10:03:25.923183');
INSERT INTO "points_records" VALUES(354,49,125,'自定义加分','自定义','','2025-10-25 10:03:38.046783');
INSERT INTO "points_records" VALUES(355,50,-12565,'自定义扣分','自定义','','2025-10-25 10:03:46.139732');
INSERT INTO "points_records" VALUES(356,50,12500,'自定义加分','自定义','','2025-10-25 10:03:55.338383');
INSERT INTO "points_records" VALUES(357,10,20,'自定义加分','自定义','','2025-10-25 10:04:43.968015');
INSERT INTO "points_records" VALUES(358,13,15,'自定义加分','自定义','','2025-10-25 10:05:11.319391');
INSERT INTO "points_records" VALUES(359,8,5,'自定义加分','小组加分','','2025-10-26 10:32:53.731880');
INSERT INTO "points_records" VALUES(360,9,5,'自定义加分','小组加分','','2025-10-26 10:32:54.074130');
INSERT INTO "points_records" VALUES(361,12,5,'自定义加分','小组加分','','2025-10-26 10:32:54.385355');
INSERT INTO "points_records" VALUES(362,10,5,'自定义加分','小组加分','','2025-10-26 10:32:54.419249');
INSERT INTO "points_records" VALUES(363,13,5,'自定义加分','小组加分','','2025-10-26 10:32:54.447407');
INSERT INTO "points_records" VALUES(364,11,5,'自定义加分','小组加分','','2025-10-26 10:32:54.477687');
INSERT INTO "points_records" VALUES(365,14,7,'自定义加分','小组加分','','2025-10-26 10:33:19.409762');
INSERT INTO "points_records" VALUES(366,15,7,'自定义加分','小组加分','','2025-10-26 10:33:19.689949');
INSERT INTO "points_records" VALUES(367,16,7,'自定义加分','小组加分','','2025-10-26 10:33:19.865700');
INSERT INTO "points_records" VALUES(368,17,7,'自定义加分','小组加分','','2025-10-26 10:33:19.894956');
INSERT INTO "points_records" VALUES(369,18,7,'自定义加分','小组加分','','2025-10-26 10:33:19.928672');
INSERT INTO "points_records" VALUES(370,19,7,'自定义加分','小组加分','','2025-10-26 10:33:19.956035');
INSERT INTO "points_records" VALUES(371,36,19,'自定义加分','小组加分','','2025-10-26 10:33:43.436815');
INSERT INTO "points_records" VALUES(372,33,19,'自定义加分','小组加分','','2025-10-26 10:33:43.463683');
INSERT INTO "points_records" VALUES(373,38,19,'自定义加分','小组加分','','2025-10-26 10:33:43.490708');
INSERT INTO "points_records" VALUES(374,34,19,'自定义加分','小组加分','','2025-10-26 10:33:43.516335');
INSERT INTO "points_records" VALUES(375,37,19,'自定义加分','小组加分','','2025-10-26 10:33:43.543199');
INSERT INTO "points_records" VALUES(376,35,19,'自定义加分','小组加分','','2025-10-26 10:33:43.568625');
INSERT INTO "points_records" VALUES(377,32,90,'自定义加分','自定义','','2025-10-30 02:56:52.318584');
INSERT INTO "points_records" VALUES(378,20,30,'自定义加分','自定义','','2025-10-30 02:57:20.538670');
INSERT INTO "points_records" VALUES(379,31,50,'自定义加分','自定义','','2025-10-30 02:57:52.558059');
INSERT INTO "points_records" VALUES(380,1,115,'自定义加分','本周总分','','2025-10-31 11:15:06.345826');
INSERT INTO "points_records" VALUES(381,2,14,'自定义加分','小组加分','','2025-10-31 12:48:00.712814');
INSERT INTO "points_records" VALUES(382,3,14,'自定义加分','小组加分','','2025-10-31 12:48:00.746770');
INSERT INTO "points_records" VALUES(383,1,14,'自定义加分','小组加分','','2025-10-31 12:48:00.778697');
INSERT INTO "points_records" VALUES(384,5,14,'自定义加分','小组加分','','2025-10-31 12:48:00.810579');
INSERT INTO "points_records" VALUES(385,6,14,'自定义加分','小组加分','','2025-10-31 12:48:00.851762');
INSERT INTO "points_records" VALUES(386,7,14,'自定义加分','小组加分','','2025-10-31 12:48:00.893321');
INSERT INTO "points_records" VALUES(387,4,14,'自定义加分','小组加分','','2025-10-31 12:48:00.935284');
INSERT INTO "points_records" VALUES(388,3,-100,'自定义扣分','小组加分','','2025-10-31 12:51:56.067813');
INSERT INTO "points_records" VALUES(389,4,3,'自定义加分','本周总分','','2025-10-31 12:58:02.993837');
INSERT INTO "points_records" VALUES(390,5,-10,'自定义扣分','本周总分','','2025-10-31 12:58:42.077500');
INSERT INTO "points_records" VALUES(391,6,-110,'自定义扣分','本周总分','','2025-10-31 12:59:06.168554');
INSERT INTO "points_records" VALUES(392,7,-5,'自定义扣分','本周总分','','2025-10-31 12:59:19.488909');
INSERT INTO "points_records" VALUES(393,8,70,'自定义加分','本周总分','','2025-10-31 12:59:44.136891');
INSERT INTO "points_records" VALUES(394,8,20,'自定义加分','班干','','2025-10-31 12:59:56.188230');
INSERT INTO "points_records" VALUES(395,9,40,'自定义加分','本周总分','','2025-10-31 13:00:10.344197');
INSERT INTO "points_records" VALUES(396,10,-50,'自定义扣分','本周总分','','2025-10-31 13:00:44.690735');
INSERT INTO "points_records" VALUES(397,11,15,'自定义加分','本周总分','','2025-10-31 13:01:14.542535');
INSERT INTO "points_records" VALUES(398,12,-20,'自定义扣分','本周总分','','2025-10-31 13:01:36.128384');
INSERT INTO "points_records" VALUES(399,13,20,'自定义加分','本周总分','','2025-10-31 13:01:45.479723');
INSERT INTO "points_records" VALUES(400,8,8,'自定义加分','小组加分','','2025-10-31 13:02:00.021442');
INSERT INTO "points_records" VALUES(401,12,8,'自定义加分','小组加分','','2025-10-31 13:02:00.051539');
INSERT INTO "points_records" VALUES(402,11,8,'自定义加分','小组加分','','2025-10-31 13:02:00.079023');
INSERT INTO "points_records" VALUES(403,10,8,'自定义加分','小组加分','','2025-10-31 13:02:00.110696');
INSERT INTO "points_records" VALUES(404,9,8,'自定义加分','小组加分','','2025-10-31 13:02:00.140964');
INSERT INTO "points_records" VALUES(405,13,8,'自定义加分','小组加分','','2025-10-31 13:02:00.170121');
INSERT INTO "points_records" VALUES(406,14,80,'自定义加分','本周总分','','2025-10-31 13:02:22.068933');
INSERT INTO "points_records" VALUES(407,15,35,'自定义加分','本周总分','','2025-10-31 13:02:33.435308');
INSERT INTO "points_records" VALUES(408,16,30,'自定义加分','本周总分','','2025-10-31 13:02:46.311424');
INSERT INTO "points_records" VALUES(409,17,-70,'自定义扣分','本周总分','','2025-10-31 13:03:00.898319');
INSERT INTO "points_records" VALUES(410,18,-180,'自定义扣分','本周总分','','2025-10-31 13:03:18.895415');
INSERT INTO "points_records" VALUES(411,19,-10,'自定义扣分','本周总分','','2025-10-31 13:03:40.091036');
INSERT INTO "points_records" VALUES(412,18,7,'自定义加分','小组加分','','2025-10-31 13:04:12.167565');
INSERT INTO "points_records" VALUES(413,19,7,'自定义加分','小组加分','','2025-10-31 13:04:12.205817');
INSERT INTO "points_records" VALUES(414,17,7,'自定义加分','小组加分','','2025-10-31 13:04:12.238172');
INSERT INTO "points_records" VALUES(415,16,7,'自定义加分','小组加分','','2025-10-31 13:04:12.273779');
INSERT INTO "points_records" VALUES(416,15,7,'自定义加分','小组加分','','2025-10-31 13:04:12.305221');
INSERT INTO "points_records" VALUES(417,14,7,'自定义加分','小组加分','','2025-10-31 13:04:12.339398');
INSERT INTO "points_records" VALUES(418,20,50,'自定义加分','小组加分','','2025-10-31 13:05:31.607297');
INSERT INTO "points_records" VALUES(419,21,-80,'自定义扣分','本周总分','','2025-10-31 13:05:54.491363');
INSERT INTO "points_records" VALUES(420,20,20,'自定义加分','班干','','2025-10-31 13:06:01.262502');
INSERT INTO "points_records" VALUES(421,15,10,'自定义加分','班干','','2025-10-31 13:06:25.563400');
INSERT INTO "points_records" VALUES(422,22,-35,'自定义扣分','班干','','2025-10-31 13:06:50.434187');
INSERT INTO "points_records" VALUES(423,23,-70,'自定义扣分','班干','','2025-10-31 13:07:31.084842');
INSERT INTO "points_records" VALUES(424,24,-63,'自定义扣分','班干','','2025-10-31 13:07:48.829142');
INSERT INTO "points_records" VALUES(425,23,20,'自定义加分','本周总分','','2025-10-31 13:07:55.900053');
INSERT INTO "points_records" VALUES(426,25,60,'自定义加分','本周总分','','2025-10-31 13:08:12.331468');
INSERT INTO "points_records" VALUES(427,26,90,'自定义加分','本周总分','','2025-10-31 13:08:25.919279');
INSERT INTO "points_records" VALUES(428,27,185,'自定义加分','本周总分','','2025-10-31 13:09:08.610694');
INSERT INTO "points_records" VALUES(429,28,35,'自定义加分','本周总分','','2025-10-31 13:09:32.115476');
INSERT INTO "points_records" VALUES(430,29,-270,'自定义扣分','本周总分','','2025-10-31 13:10:04.969580');
INSERT INTO "points_records" VALUES(431,30,-20,'自定义扣分','本周总分','','2025-10-31 13:10:22.582644');
INSERT INTO "points_records" VALUES(432,31,10,'自定义加分','本周总分','','2025-10-31 13:11:09.237875');
INSERT INTO "points_records" VALUES(433,32,30,'自定义加分','本周总分','','2025-10-31 13:11:29.533335');
INSERT INTO "points_records" VALUES(434,9,-20,'自定义扣分','本周总分','','2025-10-31 13:11:56.627311');
INSERT INTO "points_records" VALUES(435,9,20,'自定义加分','自定义','','2025-10-31 13:12:20.291031');
INSERT INTO "points_records" VALUES(436,13,-20,'自定义扣分','自定义','','2025-10-31 13:12:24.824248');
INSERT INTO "points_records" VALUES(437,10,-20,'自定义扣分','自定义','','2025-10-31 13:12:49.544779');
INSERT INTO "points_records" VALUES(438,33,70,'自定义加分','自定义','','2025-10-31 13:13:26.507979');
INSERT INTO "points_records" VALUES(439,34,80,'自定义加分','自定义','','2025-10-31 13:13:38.219597');
INSERT INTO "points_records" VALUES(440,33,20,'自定义加分','班干','','2025-10-31 13:13:47.638733');
INSERT INTO "points_records" VALUES(441,35,125,'自定义加分','班干','','2025-10-31 13:14:03.325858');
INSERT INTO "points_records" VALUES(442,36,-170,'自定义扣分','自定义','','2025-10-31 13:14:36.015435');
INSERT INTO "points_records" VALUES(443,37,-45,'自定义扣分','自定义','','2025-10-31 13:14:56.261576');
INSERT INTO "points_records" VALUES(444,38,-40,'自定义扣分','自定义','','2025-10-31 13:15:14.800201');
INSERT INTO "points_records" VALUES(445,39,45,'自定义加分','自定义','','2025-10-31 13:16:32.459624');
INSERT INTO "points_records" VALUES(446,40,60,'自定义加分','自定义','','2025-10-31 13:16:50.956846');
INSERT INTO "points_records" VALUES(447,40,10,'自定义加分','班干','','2025-10-31 13:17:03.135101');
INSERT INTO "points_records" VALUES(448,39,10,'自定义加分','班干','','2025-10-31 13:17:03.220734');
INSERT INTO "points_records" VALUES(449,41,-5,'自定义扣分','自定义','','2025-10-31 13:17:41.572654');
INSERT INTO "points_records" VALUES(450,42,25,'自定义加分','自定义','','2025-10-31 13:17:53.841166');
INSERT INTO "points_records" VALUES(451,43,-40,'自定义扣分','自定义','','2025-10-31 13:18:20.556589');
INSERT INTO "points_records" VALUES(452,44,25,'自定义加分','本周总分','','2025-10-31 13:18:37.846879');
INSERT INTO "points_records" VALUES(453,13,20,'自定义加分','自定义','','2025-10-31 13:18:58.177575');
INSERT INTO "points_records" VALUES(454,45,-5,'自定义扣分','自定义','','2025-10-31 13:19:37.436281');
INSERT INTO "points_records" VALUES(455,43,5,'自定义加分','自定义','','2025-10-31 13:19:47.942295');
INSERT INTO "points_records" VALUES(456,39,5,'自定义加分','自定义','','2025-10-31 13:19:47.972876');
INSERT INTO "points_records" VALUES(457,42,5,'自定义加分','自定义','','2025-10-31 13:19:48.008395');
INSERT INTO "points_records" VALUES(458,41,5,'自定义加分','自定义','','2025-10-31 13:19:48.050688');
INSERT INTO "points_records" VALUES(459,44,5,'自定义加分','自定义','','2025-10-31 13:19:48.092162');
INSERT INTO "points_records" VALUES(460,40,5,'自定义加分','自定义','','2025-10-31 13:19:48.127446');
INSERT INTO "points_records" VALUES(461,36,13,'自定义加分','自定义','','2025-10-31 13:19:54.899312');
INSERT INTO "points_records" VALUES(462,33,13,'自定义加分','自定义','','2025-10-31 13:19:54.954799');
INSERT INTO "points_records" VALUES(463,34,13,'自定义加分','自定义','','2025-10-31 13:19:55.002666');
INSERT INTO "points_records" VALUES(464,35,13,'自定义加分','自定义','','2025-10-31 13:19:55.043357');
INSERT INTO "points_records" VALUES(465,37,13,'自定义加分','自定义','','2025-10-31 13:19:55.097255');
INSERT INTO "points_records" VALUES(466,38,13,'自定义加分','自定义','','2025-10-31 13:19:55.149296');
INSERT INTO "points_records" VALUES(467,46,-20,'自定义扣分','自定义','','2025-10-31 13:20:36.229246');
INSERT INTO "points_records" VALUES(468,47,-10,'自定义扣分','自定义','','2025-10-31 13:20:54.299312');
INSERT INTO "points_records" VALUES(469,48,-10,'自定义扣分','自定义','','2025-10-31 13:21:06.798355');
INSERT INTO "points_records" VALUES(470,49,30,'自定义加分','自定义','','2025-10-31 13:21:22.633190');
INSERT INTO "points_records" VALUES(471,50,-150,'自定义扣分','自定义','','2025-10-31 13:21:31.581143');
INSERT INTO "points_records" VALUES(472,49,9,'自定义加分','自定义','','2025-10-31 13:21:35.869031');
INSERT INTO "points_records" VALUES(473,45,9,'自定义加分','自定义','','2025-10-31 13:21:35.922057');
INSERT INTO "points_records" VALUES(474,46,9,'自定义加分','自定义','','2025-10-31 13:21:35.960938');
INSERT INTO "points_records" VALUES(475,50,9,'自定义加分','自定义','','2025-10-31 13:21:36.004382');
INSERT INTO "points_records" VALUES(476,48,9,'自定义加分','自定义','','2025-10-31 13:21:36.055015');
INSERT INTO "points_records" VALUES(477,47,9,'自定义加分','自定义','','2025-10-31 13:21:36.108383');
INSERT INTO "points_records" VALUES(478,18,60,'参加比赛','自定义','','2025-11-02 09:19:02.323377');
INSERT INTO "points_records" VALUES(479,19,60,'参加比赛','自定义','','2025-11-02 09:19:02.657597');
INSERT INTO "points_records" VALUES(480,1,80,'自定义加分','小组加分','','2025-11-07 12:00:55.611863');
INSERT INTO "points_records" VALUES(481,2,80,'自定义加分','小组加分','','2025-11-07 12:00:55.649896');
INSERT INTO "points_records" VALUES(482,3,80,'自定义加分','小组加分','','2025-11-07 12:00:55.982236');
INSERT INTO "points_records" VALUES(483,4,80,'自定义加分','小组加分','','2025-11-07 12:00:56.219778');
INSERT INTO "points_records" VALUES(484,5,80,'自定义加分','小组加分','','2025-11-07 12:00:56.251040');
INSERT INTO "points_records" VALUES(485,6,80,'自定义加分','小组加分','','2025-11-07 12:00:56.278015');
INSERT INTO "points_records" VALUES(486,7,80,'自定义加分','小组加分','','2025-11-07 12:00:56.373794');
INSERT INTO "points_records" VALUES(487,13,90,'自定义加分','小组加分','','2025-11-07 12:01:06.277567');
INSERT INTO "points_records" VALUES(488,12,90,'自定义加分','小组加分','','2025-11-07 12:01:06.340163');
INSERT INTO "points_records" VALUES(489,8,90,'自定义加分','小组加分','','2025-11-07 12:01:06.425319');
INSERT INTO "points_records" VALUES(490,9,90,'自定义加分','小组加分','','2025-11-07 12:01:06.495773');
INSERT INTO "points_records" VALUES(491,11,90,'自定义加分','小组加分','','2025-11-07 12:01:06.543917');
INSERT INTO "points_records" VALUES(492,10,90,'自定义加分','小组加分','','2025-11-07 12:01:06.600755');
INSERT INTO "points_records" VALUES(493,19,100,'自定义加分','小组加分','','2025-11-07 12:01:18.399672');
INSERT INTO "points_records" VALUES(494,14,100,'自定义加分','小组加分','','2025-11-07 12:01:18.429285');
INSERT INTO "points_records" VALUES(495,16,100,'自定义加分','小组加分','','2025-11-07 12:01:18.465165');
INSERT INTO "points_records" VALUES(496,17,100,'自定义加分','小组加分','','2025-11-07 12:01:18.495486');
INSERT INTO "points_records" VALUES(497,18,100,'自定义加分','小组加分','','2025-11-07 12:01:18.523429');
INSERT INTO "points_records" VALUES(498,15,100,'自定义加分','小组加分','','2025-11-07 12:01:18.553697');
INSERT INTO "points_records" VALUES(499,20,95,'自定义加分','小组加分','','2025-11-07 12:01:30.293385');
INSERT INTO "points_records" VALUES(500,21,95,'自定义加分','小组加分','','2025-11-07 12:01:30.365146');
INSERT INTO "points_records" VALUES(501,23,95,'自定义加分','小组加分','','2025-11-07 12:01:30.474153');
INSERT INTO "points_records" VALUES(502,25,95,'自定义加分','小组加分','','2025-11-07 12:01:30.521048');
INSERT INTO "points_records" VALUES(503,22,95,'自定义加分','小组加分','','2025-11-07 12:01:30.576451');
INSERT INTO "points_records" VALUES(504,24,95,'自定义加分','小组加分','','2025-11-07 12:01:30.621701');
INSERT INTO "points_records" VALUES(505,26,95,'自定义加分','小组加分','','2025-11-07 12:01:30.867484');
INSERT INTO "points_records" VALUES(506,28,107,'自定义加分','小组加分','','2025-11-07 12:01:47.543168');
INSERT INTO "points_records" VALUES(507,32,107,'自定义加分','小组加分','','2025-11-07 12:01:47.574684');
INSERT INTO "points_records" VALUES(508,30,107,'自定义加分','小组加分','','2025-11-07 12:01:47.604776');
INSERT INTO "points_records" VALUES(509,27,107,'自定义加分','小组加分','','2025-11-07 12:01:47.633373');
INSERT INTO "points_records" VALUES(510,29,107,'自定义加分','小组加分','','2025-11-07 12:01:47.660601');
INSERT INTO "points_records" VALUES(511,31,107,'自定义加分','小组加分','','2025-11-07 12:01:47.688786');
INSERT INTO "points_records" VALUES(512,38,50,'自定义加分','小组加分','','2025-11-07 12:02:03.083812');
INSERT INTO "points_records" VALUES(513,33,50,'自定义加分','小组加分','','2025-11-07 12:02:03.125253');
INSERT INTO "points_records" VALUES(514,34,50,'自定义加分','小组加分','','2025-11-07 12:02:03.164779');
INSERT INTO "points_records" VALUES(515,36,50,'自定义加分','小组加分','','2025-11-07 12:02:03.220605');
INSERT INTO "points_records" VALUES(516,35,50,'自定义加分','小组加分','','2025-11-07 12:02:03.269234');
INSERT INTO "points_records" VALUES(517,37,50,'自定义加分','小组加分','','2025-11-07 12:02:03.327525');
INSERT INTO "points_records" VALUES(518,44,120,'自定义加分','小组加分','','2025-11-07 12:02:21.904579');
INSERT INTO "points_records" VALUES(519,40,120,'自定义加分','小组加分','','2025-11-07 12:02:21.947602');
INSERT INTO "points_records" VALUES(520,39,120,'自定义加分','小组加分','','2025-11-07 12:02:21.995868');
INSERT INTO "points_records" VALUES(521,43,120,'自定义加分','小组加分','','2025-11-07 12:02:22.038745');
INSERT INTO "points_records" VALUES(522,42,120,'自定义加分','小组加分','','2025-11-07 12:02:22.089544');
INSERT INTO "points_records" VALUES(523,41,120,'自定义加分','小组加分','','2025-11-07 12:02:22.152643');
INSERT INTO "points_records" VALUES(524,47,87,'自定义加分','小组加分','','2025-11-07 12:02:40.647564');
INSERT INTO "points_records" VALUES(525,48,87,'自定义加分','小组加分','','2025-11-07 12:02:40.678562');
INSERT INTO "points_records" VALUES(526,45,87,'自定义加分','小组加分','','2025-11-07 12:02:40.709181');
INSERT INTO "points_records" VALUES(527,46,87,'自定义加分','小组加分','','2025-11-07 12:02:40.739431');
INSERT INTO "points_records" VALUES(528,49,87,'自定义加分','小组加分','','2025-11-07 12:02:40.774284');
INSERT INTO "points_records" VALUES(529,50,87,'自定义加分','小组加分','','2025-11-07 12:02:40.807534');
INSERT INTO "points_records" VALUES(530,1,280,'自定义加分','本周总分','','2025-11-07 12:32:17.936002');
INSERT INTO "points_records" VALUES(531,2,5,'自定义加分','本周总分','','2025-11-07 12:36:12.683458');
INSERT INTO "points_records" VALUES(532,3,-45,'自定义扣分','本周总分','','2025-11-07 12:36:28.201393');
INSERT INTO "points_records" VALUES(533,4,15,'自定义加分','本周总分','','2025-11-07 12:37:03.674976');
INSERT INTO "points_records" VALUES(534,5,150,'自定义加分','本周总分','','2025-11-07 12:37:26.020224');
INSERT INTO "points_records" VALUES(535,6,-90,'自定义扣分','本周总分','','2025-11-07 12:37:48.555727');
INSERT INTO "points_records" VALUES(536,7,150,'自定义加分','本周总分','','2025-11-07 12:38:05.465044');
INSERT INTO "points_records" VALUES(537,8,115,'自定义加分','本周总分','','2025-11-07 12:38:53.907056');
INSERT INTO "points_records" VALUES(538,9,50,'自定义加分','本周总分','','2025-11-07 12:39:14.463181');
INSERT INTO "points_records" VALUES(539,10,5,'自定义加分','本周总分','','2025-11-07 12:39:40.787139');
INSERT INTO "points_records" VALUES(540,10,20,'自定义加分','本周总分','','2025-11-07 12:40:04.939244');
INSERT INTO "points_records" VALUES(541,11,120,'自定义加分','本周总分','','2025-11-07 12:40:45.626097');
INSERT INTO "points_records" VALUES(542,12,10,'自定义加分','本周总分','','2025-11-07 12:40:59.044813');
INSERT INTO "points_records" VALUES(543,13,150,'自定义加分','本周总分','','2025-11-07 12:41:17.237273');
INSERT INTO "points_records" VALUES(544,14,180,'自定义加分','自定义','','2025-11-07 12:41:57.199699');
INSERT INTO "points_records" VALUES(545,15,130,'自定义加分','自定义','','2025-11-07 12:42:17.743687');
INSERT INTO "points_records" VALUES(546,16,95,'自定义加分','自定义','','2025-11-07 12:42:33.611641');
INSERT INTO "points_records" VALUES(547,17,-5,'自定义扣分','自定义','','2025-11-07 12:42:50.028571');
INSERT INTO "points_records" VALUES(548,18,95,'自定义加分','自定义','','2025-11-07 12:43:40.648790');
INSERT INTO "points_records" VALUES(549,19,75,'自定义加分','自定义','','2025-11-07 12:44:05.450644');
INSERT INTO "points_records" VALUES(550,20,265,'自定义加分','自定义','','2025-11-07 12:44:38.279434');
INSERT INTO "points_records" VALUES(551,21,-50,'自定义扣分','自定义','','2025-11-07 12:44:53.509478');
INSERT INTO "points_records" VALUES(552,22,10,'自定义加分','自定义','','2025-11-07 12:45:09.728524');
INSERT INTO "points_records" VALUES(553,23,80,'自定义加分','自定义','','2025-11-07 12:45:41.650125');
INSERT INTO "points_records" VALUES(554,25,85,'自定义加分','自定义','','2025-11-07 12:45:59.382525');
INSERT INTO "points_records" VALUES(555,26,70,'自定义加分','自定义','','2025-11-07 12:46:16.903503');
INSERT INTO "points_records" VALUES(556,24,65,'自定义加分','自定义','','2025-11-07 12:46:31.379163');
INSERT INTO "points_records" VALUES(557,27,220,'自定义加分','自定义','','2025-11-07 12:47:15.852112');
INSERT INTO "points_records" VALUES(558,28,115,'自定义加分','自定义','','2025-11-07 12:47:35.227037');
INSERT INTO "points_records" VALUES(559,29,-315,'自定义扣分','自定义','','2025-11-07 12:48:07.375489');
INSERT INTO "points_records" VALUES(560,31,85,'自定义加分','自定义','','2025-11-07 12:48:42.935252');
INSERT INTO "points_records" VALUES(561,32,275,'自定义加分','自定义','','2025-11-07 12:49:44.088163');
INSERT INTO "points_records" VALUES(562,33,130,'自定义加分','自定义','','2025-11-07 12:50:15.559536');
INSERT INTO "points_records" VALUES(563,34,40,'自定义加分','自定义','','2025-11-07 12:51:56.407803');
INSERT INTO "points_records" VALUES(564,35,110,'自定义加分','自定义','','2025-11-07 12:52:19.003922');
INSERT INTO "points_records" VALUES(565,36,-65,'自定义扣分','自定义','','2025-11-07 12:53:05.180537');
INSERT INTO "points_records" VALUES(566,37,85,'自定义加分','自定义','','2025-11-07 12:53:26.717459');
INSERT INTO "points_records" VALUES(567,38,5,'自定义加分','自定义','','2025-11-07 12:53:35.255133');
INSERT INTO "points_records" VALUES(568,39,250,'自定义加分','自定义','','2025-11-07 12:54:32.753525');
INSERT INTO "points_records" VALUES(569,40,25,'自定义加分','自定义','','2025-11-07 12:55:12.559321');
INSERT INTO "points_records" VALUES(570,41,165,'自定义加分','自定义','','2025-11-07 12:55:35.198169');
INSERT INTO "points_records" VALUES(571,42,20,'自定义加分','自定义','','2025-11-07 12:55:55.500202');
INSERT INTO "points_records" VALUES(572,43,135,'自定义加分','自定义','','2025-11-07 12:56:15.349329');
INSERT INTO "points_records" VALUES(573,44,235,'自定义加分','自定义','','2025-11-07 12:56:33.117122');
INSERT INTO "points_records" VALUES(574,45,25,'自定义加分','自定义','','2025-11-07 12:57:19.619686');
INSERT INTO "points_records" VALUES(575,46,45,'自定义加分','自定义','','2025-11-07 12:57:33.983512');
INSERT INTO "points_records" VALUES(576,47,-5,'自定义扣分','自定义','','2025-11-07 12:57:49.777241');
INSERT INTO "points_records" VALUES(577,45,15,'自定义加分','班干','','2025-11-07 12:57:54.998737');
INSERT INTO "points_records" VALUES(578,48,320,'自定义加分','本周总分','','2025-11-07 12:58:29.512007');
INSERT INTO "points_records" VALUES(579,49,95,'自定义加分','本周总分','','2025-11-07 12:58:42.900895');
INSERT INTO "points_records" VALUES(580,50,-15,'自定义扣分','本周总分','','2025-11-07 12:58:54.856295');
INSERT INTO "points_records" VALUES(581,10,5,'自定义加分','自定义','','2025-11-07 12:59:27.059921');
INSERT INTO "points_records" VALUES(582,9,5,'自定义加分','自定义','','2025-11-07 12:59:37.912341');
INSERT INTO "points_records" VALUES(583,8,10,'自定义加分','自定义','','2025-11-07 13:00:03.284429');
INSERT INTO "points_records" VALUES(584,33,30,'自定义加分','小组加分','','2025-11-07 13:01:01.799722');
INSERT INTO "points_records" VALUES(585,34,30,'自定义加分','小组加分','','2025-11-07 13:01:02.284545');
INSERT INTO "points_records" VALUES(586,35,30,'自定义加分','小组加分','','2025-11-07 13:01:02.563941');
INSERT INTO "points_records" VALUES(587,37,30,'自定义加分','小组加分','','2025-11-07 13:01:02.671070');
INSERT INTO "points_records" VALUES(588,38,30,'自定义加分','小组加分','','2025-11-07 13:01:02.979943');
INSERT INTO "points_records" VALUES(589,36,30,'自定义加分','小组加分','','2025-11-07 13:01:03.015025');
INSERT INTO "points_records" VALUES(590,1,77,'自定义加分','小组加分','','2025-11-07 13:03:24.158071');
INSERT INTO "points_records" VALUES(591,2,77,'自定义加分','小组加分','','2025-11-07 13:03:24.808617');
INSERT INTO "points_records" VALUES(592,3,77,'自定义加分','小组加分','','2025-11-07 13:03:24.854194');
INSERT INTO "points_records" VALUES(593,4,77,'自定义加分','小组加分','','2025-11-07 13:03:25.001959');
INSERT INTO "points_records" VALUES(594,5,77,'自定义加分','小组加分','','2025-11-07 13:03:25.038411');
INSERT INTO "points_records" VALUES(595,6,77,'自定义加分','小组加分','','2025-11-07 13:03:25.264323');
INSERT INTO "points_records" VALUES(596,7,77,'自定义加分','小组加分','','2025-11-07 13:03:25.473410');
INSERT INTO "points_records" VALUES(597,2,77,'自定义加分','小组加分','','2025-11-07 13:03:27.032938');
INSERT INTO "points_records" VALUES(598,4,77,'自定义加分','小组加分','','2025-11-07 13:03:27.070256');
INSERT INTO "points_records" VALUES(599,1,77,'自定义加分','小组加分','','2025-11-07 13:03:27.102351');
INSERT INTO "points_records" VALUES(600,3,77,'自定义加分','小组加分','','2025-11-07 13:03:27.135581');
INSERT INTO "points_records" VALUES(601,5,77,'自定义加分','小组加分','','2025-11-07 13:03:27.534394');
INSERT INTO "points_records" VALUES(602,6,77,'自定义加分','小组加分','','2025-11-07 13:03:27.578457');
INSERT INTO "points_records" VALUES(603,7,77,'自定义加分','小组加分','','2025-11-07 13:03:27.696119');
INSERT INTO "points_records" VALUES(604,15,8,'自定义加分','小组加分','','2025-11-07 13:03:56.036655');
INSERT INTO "points_records" VALUES(605,14,8,'自定义加分','小组加分','','2025-11-07 13:03:56.073417');
INSERT INTO "points_records" VALUES(606,19,8,'自定义加分','小组加分','','2025-11-07 13:03:56.107095');
INSERT INTO "points_records" VALUES(607,17,8,'自定义加分','小组加分','','2025-11-07 13:03:56.144465');
INSERT INTO "points_records" VALUES(608,18,8,'自定义加分','小组加分','','2025-11-07 13:03:56.177522');
INSERT INTO "points_records" VALUES(609,16,8,'自定义加分','小组加分','','2025-11-07 13:03:56.205189');
INSERT INTO "points_records" VALUES(610,1,230,'自定义加分','自定义','','2025-11-15 14:26:53.250927');
INSERT INTO "points_records" VALUES(611,2,230,'自定义加分','自定义','','2025-11-15 14:26:53.291446');
INSERT INTO "points_records" VALUES(612,3,230,'自定义加分','自定义','','2025-11-15 14:26:53.325063');
INSERT INTO "points_records" VALUES(613,6,230,'自定义加分','自定义','','2025-11-15 14:26:53.360359');
INSERT INTO "points_records" VALUES(614,4,230,'自定义加分','自定义','','2025-11-15 14:26:53.390264');
INSERT INTO "points_records" VALUES(615,5,230,'自定义加分','自定义','','2025-11-15 14:26:53.420411');
INSERT INTO "points_records" VALUES(616,7,230,'自定义加分','自定义','','2025-11-15 14:26:53.448481');
INSERT INTO "points_records" VALUES(617,10,170,'自定义加分','本周总分','','2025-11-15 14:27:37.814007');
INSERT INTO "points_records" VALUES(618,8,170,'自定义加分','本周总分','','2025-11-15 14:27:37.858194');
INSERT INTO "points_records" VALUES(619,12,170,'自定义加分','本周总分','','2025-11-15 14:27:37.890099');
INSERT INTO "points_records" VALUES(620,11,170,'自定义加分','本周总分','','2025-11-15 14:27:37.920271');
INSERT INTO "points_records" VALUES(621,9,170,'自定义加分','本周总分','','2025-11-15 14:27:37.949240');
INSERT INTO "points_records" VALUES(622,13,170,'自定义加分','本周总分','','2025-11-15 14:27:37.976774');
INSERT INTO "points_records" VALUES(623,15,95,'自定义加分','本周总分','','2025-11-15 14:28:27.594605');
INSERT INTO "points_records" VALUES(624,18,95,'自定义加分','本周总分','','2025-11-15 14:28:27.629657');
INSERT INTO "points_records" VALUES(625,16,95,'自定义加分','本周总分','','2025-11-15 14:28:27.667306');
INSERT INTO "points_records" VALUES(626,14,95,'自定义加分','本周总分','','2025-11-15 14:28:27.695223');
INSERT INTO "points_records" VALUES(627,17,95,'自定义加分','本周总分','','2025-11-15 14:28:27.724672');
INSERT INTO "points_records" VALUES(628,19,95,'自定义加分','本周总分','','2025-11-15 14:28:27.759267');
INSERT INTO "points_records" VALUES(629,25,150,'自定义加分','本周总分','','2025-11-15 14:28:48.875086');
INSERT INTO "points_records" VALUES(630,24,150,'自定义加分','本周总分','','2025-11-15 14:28:48.906660');
INSERT INTO "points_records" VALUES(631,22,150,'自定义加分','本周总分','','2025-11-15 14:28:48.937966');
INSERT INTO "points_records" VALUES(632,20,150,'自定义加分','本周总分','','2025-11-15 14:28:48.969502');
INSERT INTO "points_records" VALUES(633,21,150,'自定义加分','本周总分','','2025-11-15 14:28:49.001150');
INSERT INTO "points_records" VALUES(634,23,150,'自定义加分','本周总分','','2025-11-15 14:28:49.029660');
INSERT INTO "points_records" VALUES(635,26,150,'自定义加分','本周总分','','2025-11-15 14:28:49.059549');
INSERT INTO "points_records" VALUES(636,43,30,'自定义加分','本周总分','','2025-11-15 14:28:56.193706');
INSERT INTO "points_records" VALUES(637,39,30,'自定义加分','本周总分','','2025-11-15 14:28:56.228219');
INSERT INTO "points_records" VALUES(638,44,30,'自定义加分','本周总分','','2025-11-15 14:28:56.271464');
INSERT INTO "points_records" VALUES(639,41,30,'自定义加分','本周总分','','2025-11-15 14:28:56.312640');
INSERT INTO "points_records" VALUES(640,40,30,'自定义加分','本周总分','','2025-11-15 14:28:56.356319');
INSERT INTO "points_records" VALUES(641,42,30,'自定义加分','本周总分','','2025-11-15 14:28:56.394414');
INSERT INTO "points_records" VALUES(642,30,90,'自定义加分','本周总分','','2025-11-15 14:29:09.605534');
INSERT INTO "points_records" VALUES(643,28,90,'自定义加分','本周总分','','2025-11-15 14:29:09.651201');
INSERT INTO "points_records" VALUES(644,27,90,'自定义加分','本周总分','','2025-11-15 14:29:09.697106');
INSERT INTO "points_records" VALUES(645,29,90,'自定义加分','本周总分','','2025-11-15 14:29:09.738720');
INSERT INTO "points_records" VALUES(646,31,90,'自定义加分','本周总分','','2025-11-15 14:29:09.780249');
INSERT INTO "points_records" VALUES(647,32,90,'自定义加分','本周总分','','2025-11-15 14:29:09.812216');
INSERT INTO "points_records" VALUES(648,33,60,'自定义加分','本周总分','','2025-11-15 14:29:27.035730');
INSERT INTO "points_records" VALUES(649,38,60,'自定义加分','本周总分','','2025-11-15 14:29:27.067206');
INSERT INTO "points_records" VALUES(650,35,60,'自定义加分','本周总分','','2025-11-15 14:29:27.101686');
INSERT INTO "points_records" VALUES(651,37,60,'自定义加分','本周总分','','2025-11-15 14:29:27.134927');
INSERT INTO "points_records" VALUES(652,34,60,'自定义加分','本周总分','','2025-11-15 14:29:27.166246');
INSERT INTO "points_records" VALUES(653,36,60,'自定义加分','本周总分','','2025-11-15 14:29:27.195725');
INSERT INTO "points_records" VALUES(654,47,136,'自定义加分','本周总分','','2025-11-15 14:29:42.955349');
INSERT INTO "points_records" VALUES(655,48,136,'自定义加分','本周总分','','2025-11-15 14:29:42.991249');
INSERT INTO "points_records" VALUES(656,45,136,'自定义加分','本周总分','','2025-11-15 14:29:43.019824');
INSERT INTO "points_records" VALUES(657,46,136,'自定义加分','本周总分','','2025-11-15 14:29:43.050641');
INSERT INTO "points_records" VALUES(658,49,136,'自定义加分','本周总分','','2025-11-15 14:29:43.079264');
INSERT INTO "points_records" VALUES(659,50,136,'自定义加分','本周总分','','2025-11-15 14:29:43.107053');
INSERT INTO "points_records" VALUES(660,1,165,'自定义加分','本周总分','','2025-11-15 14:30:35.678461');
INSERT INTO "points_records" VALUES(661,2,65,'自定义加分','本周总分','','2025-11-15 14:31:04.315179');
INSERT INTO "points_records" VALUES(662,3,70,'自定义加分','本周总分','','2025-11-15 14:31:20.019259');
INSERT INTO "points_records" VALUES(663,4,120,'自定义加分','本周总分','','2025-11-15 14:31:45.377050');
INSERT INTO "points_records" VALUES(664,5,150,'自定义加分','本周总分','','2025-11-15 14:32:08.458814');
INSERT INTO "points_records" VALUES(665,6,25,'自定义加分','本周总分','','2025-11-15 14:32:20.935730');
INSERT INTO "points_records" VALUES(666,7,40,'自定义加分','本周总分','','2025-11-15 14:32:29.860410');
INSERT INTO "points_records" VALUES(667,8,100,'自定义加分','本周总分','','2025-11-15 14:32:39.544779');
INSERT INTO "points_records" VALUES(668,9,80,'自定义加分','本周总分','','2025-11-15 14:32:53.561778');
INSERT INTO "points_records" VALUES(669,10,-70,'自定义扣分','本周总分','','2025-11-15 14:33:07.508149');
INSERT INTO "points_records" VALUES(670,11,120,'自定义加分','本周总分','','2025-11-15 14:33:20.829460');
INSERT INTO "points_records" VALUES(671,12,-35,'自定义扣分','本周总分','','2025-11-15 14:33:34.117731');
INSERT INTO "points_records" VALUES(672,13,55,'自定义加分','本周总分','','2025-11-15 14:33:47.409561');
INSERT INTO "points_records" VALUES(673,14,255,'自定义加分','自定义','','2025-11-15 14:35:07.775880');
INSERT INTO "points_records" VALUES(674,15,135,'自定义加分','自定义','','2025-11-15 14:35:27.586870');
INSERT INTO "points_records" VALUES(675,16,110,'自定义加分','自定义','','2025-11-15 14:35:48.649337');
INSERT INTO "points_records" VALUES(676,17,35,'自定义加分','自定义','','2025-11-15 14:36:00.571044');
INSERT INTO "points_records" VALUES(677,18,-10,'自定义扣分','自定义','','2025-11-15 14:36:15.248365');
INSERT INTO "points_records" VALUES(678,19,160,'自定义加分','自定义','','2025-11-15 14:36:31.390675');
INSERT INTO "points_records" VALUES(679,19,10,'自定义加分','班干','','2025-11-15 14:36:37.682967');
INSERT INTO "points_records" VALUES(680,16,10,'自定义加分','班干','','2025-11-15 14:36:37.712489');
INSERT INTO "points_records" VALUES(681,15,10,'自定义加分','班干','','2025-11-15 14:36:37.743636');
INSERT INTO "points_records" VALUES(682,20,200,'自定义加分','自定义','','2025-11-15 14:37:56.641998');
INSERT INTO "points_records" VALUES(683,21,-10,'自定义扣分','自定义','','2025-11-15 14:38:18.760220');
INSERT INTO "points_records" VALUES(684,22,50,'自定义加分','自定义','','2025-11-15 14:39:50.744950');
INSERT INTO "points_records" VALUES(685,23,40,'自定义加分','自定义','','2025-11-15 14:40:12.597813');
INSERT INTO "points_records" VALUES(686,24,210,'自定义加分','自定义','','2025-11-15 14:41:58.308444');
INSERT INTO "points_records" VALUES(687,25,125,'自定义加分','自定义','','2025-11-15 14:42:22.270908');
INSERT INTO "points_records" VALUES(688,26,170,'自定义加分','自定义','','2025-11-15 14:42:56.299405');
INSERT INTO "points_records" VALUES(689,27,150,'自定义加分','自定义','','2025-11-15 14:43:37.369790');
INSERT INTO "points_records" VALUES(690,28,195,'自定义加分','自定义','','2025-11-15 14:44:27.243698');
INSERT INTO "points_records" VALUES(691,29,-205,'自定义扣分','自定义','','2025-11-15 14:44:44.090490');
INSERT INTO "points_records" VALUES(692,30,105,'自定义加分','自定义','','2025-11-15 14:45:12.077804');
INSERT INTO "points_records" VALUES(693,31,140,'自定义加分','自定义','','2025-11-15 14:45:25.909102');
INSERT INTO "points_records" VALUES(694,32,140,'自定义加分','自定义','','2025-11-15 14:45:33.285890');
INSERT INTO "points_records" VALUES(695,33,155,'自定义加分','自定义','','2025-11-15 14:46:11.413188');
INSERT INTO "points_records" VALUES(696,33,20,'自定义加分','自定义','','2025-11-15 14:46:16.737394');
INSERT INTO "points_records" VALUES(697,34,75,'自定义加分','自定义','','2025-11-15 14:46:39.790469');
INSERT INTO "points_records" VALUES(698,35,165,'自定义加分','自定义','','2025-11-15 14:47:00.381959');
INSERT INTO "points_records" VALUES(699,36,10,'自定义加分','自定义','','2025-11-15 14:48:21.780245');
INSERT INTO "points_records" VALUES(700,37,65,'自定义加分','自定义','','2025-11-15 14:48:48.147138');
INSERT INTO "points_records" VALUES(701,38,120,'自定义加分','自定义','','2025-11-15 14:48:57.528300');
INSERT INTO "points_records" VALUES(702,39,245,'自定义加分','自定义','','2025-11-16 00:51:30.166783');
INSERT INTO "points_records" VALUES(703,40,150,'自定义加分','自定义','','2025-11-16 00:52:50.297992');
INSERT INTO "points_records" VALUES(704,41,130,'自定义加分','自定义','','2025-11-16 00:53:25.460204');
INSERT INTO "points_records" VALUES(705,42,190,'自定义加分','自定义','','2025-11-16 00:55:15.996010');
INSERT INTO "points_records" VALUES(706,43,125,'自定义加分','自定义','','2025-11-16 01:03:28.648403');
INSERT INTO "points_records" VALUES(707,44,225,'自定义加分','自定义','','2025-11-16 01:03:48.818530');
INSERT INTO "points_records" VALUES(708,45,90,'自定义加分','自定义','','2025-11-16 01:04:22.650164');
INSERT INTO "points_records" VALUES(709,46,85,'自定义加分','自定义','','2025-11-16 01:06:52.695151');
INSERT INTO "points_records" VALUES(710,47,125,'自定义加分','自定义','','2025-11-16 01:13:05.396136');
INSERT INTO "points_records" VALUES(711,48,115,'自定义加分','自定义','','2025-11-16 01:13:17.964775');
INSERT INTO "points_records" VALUES(712,49,185,'自定义加分','自定义','','2025-11-16 01:13:31.214511');
INSERT INTO "points_records" VALUES(713,50,35,'自定义加分','自定义','','2025-11-16 01:13:43.692956');
INSERT INTO "points_records" VALUES(715,32,150,'批量导入','考试','','2025-11-28 04:50:57');
INSERT INTO "points_records" VALUES(716,1,160,'批量导入','考试','','2025-11-28 04:50:57');
INSERT INTO "points_records" VALUES(717,27,150,'批量导入','考试','','2025-11-28 04:50:58');
INSERT INTO "points_records" VALUES(718,14,150,'批量导入','考试','','2025-11-28 04:50:58');
INSERT INTO "points_records" VALUES(719,26,150,'批量导入','考试','','2025-11-28 04:50:58');
INSERT INTO "points_records" VALUES(720,8,140,'批量导入','考试','','2025-11-28 04:50:59');
INSERT INTO "points_records" VALUES(721,23,130,'批量导入','考试','','2025-11-28 04:51:01');
INSERT INTO "points_records" VALUES(722,49,130,'批量导入','考试','','2025-11-28 04:51:01');
INSERT INTO "points_records" VALUES(723,16,110,'批量导入','考试','','2025-11-28 04:51:02');
INSERT INTO "points_records" VALUES(724,31,120,'批量导入','考试','','2025-11-28 04:51:02');
INSERT INTO "points_records" VALUES(725,50,90,'批量导入','考试','','2025-11-28 04:51:03');
INSERT INTO "points_records" VALUES(726,25,100,'批量导入','考试','','2025-11-28 04:51:03');
INSERT INTO "points_records" VALUES(727,24,100,'批量导入','考试','','2025-11-28 04:51:03');
INSERT INTO "points_records" VALUES(728,20,120,'批量导入','考试','','2025-11-28 04:51:04');
INSERT INTO "points_records" VALUES(729,7,100,'批量导入','考试','','2025-11-28 04:51:04');
INSERT INTO "points_records" VALUES(730,47,100,'批量导入','考试','','2025-11-28 04:51:05');
INSERT INTO "points_records" VALUES(731,4,80,'批量导入','考试','','2025-11-28 04:51:05');
INSERT INTO "points_records" VALUES(732,35,80,'批量导入','考试','','2025-11-28 04:51:05');
INSERT INTO "points_records" VALUES(733,48,80,'批量导入','考试','','2025-11-28 04:51:06');
INSERT INTO "points_records" VALUES(734,13,30,'批量导入','考试','','2025-11-28 04:51:06');
INSERT INTO "points_records" VALUES(735,45,90,'批量导入','考试','','2025-11-28 04:51:06');
INSERT INTO "points_records" VALUES(736,30,60,'批量导入','考试','','2025-11-28 04:51:07');
INSERT INTO "points_records" VALUES(737,44,60,'批量导入','考试','','2025-11-28 04:51:07');
INSERT INTO "points_records" VALUES(738,33,80,'批量导入','考试','','2025-11-28 04:51:07');
INSERT INTO "points_records" VALUES(739,19,40,'批量导入','考试','','2025-11-28 04:51:08');
INSERT INTO "points_records" VALUES(740,38,60,'批量导入','考试','','2025-11-28 04:51:08');
INSERT INTO "points_records" VALUES(741,46,30,'批量导入','考试','','2025-11-28 04:51:09');
INSERT INTO "points_records" VALUES(742,9,30,'批量导入','考试','','2025-11-28 04:51:09');
INSERT INTO "points_records" VALUES(743,40,70,'批量导入','考试','','2025-11-28 04:51:09');
INSERT INTO "points_records" VALUES(744,5,20,'批量导入','考试','','2025-11-28 04:51:10');
INSERT INTO "points_records" VALUES(745,43,20,'批量导入','考试','','2025-11-28 04:51:10');
INSERT INTO "points_records" VALUES(746,17,20,'批量导入','考试','','2025-11-28 04:51:10');
INSERT INTO "points_records" VALUES(747,42,0,'批量导入','考试','','2025-11-28 04:51:11');
INSERT INTO "points_records" VALUES(748,37,-40,'批量导入','考试','','2025-11-28 04:51:11');
INSERT INTO "points_records" VALUES(749,15,-30,'批量导入','考试','','2025-11-28 04:51:12');
INSERT INTO "points_records" VALUES(750,22,10,'批量导入','考试','','2025-11-28 04:51:12');
INSERT INTO "points_records" VALUES(751,10,-50,'批量导入','考试','','2025-11-28 04:51:12');
INSERT INTO "points_records" VALUES(752,3,-20,'批量导入','考试','','2025-11-28 04:51:13');
INSERT INTO "points_records" VALUES(753,11,-30,'批量导入','考试','','2025-11-28 04:51:13');
INSERT INTO "points_records" VALUES(754,6,-50,'批量导入','考试','','2025-11-28 04:51:14');
INSERT INTO "points_records" VALUES(755,12,0,'批量导入','考试','','2025-11-28 04:51:14');
INSERT INTO "points_records" VALUES(756,34,-40,'批量导入','考试','','2025-11-28 04:51:14');
INSERT INTO "points_records" VALUES(757,2,-110,'批量导入','考试','','2025-11-28 04:51:15');
INSERT INTO "points_records" VALUES(758,21,-90,'批量导入','考试','','2025-11-28 04:51:15');
INSERT INTO "points_records" VALUES(759,18,-50,'批量导入','考试','','2025-11-28 04:51:16');
INSERT INTO "points_records" VALUES(760,29,-130,'批量导入','考试','','2025-11-28 04:51:16');
INSERT INTO "points_records" VALUES(761,39,120,'自定义加分','自定义','','2025-11-28 04:52:22');
INSERT INTO "points_records" VALUES(762,28,-30,'自定义扣分','自定义','','2025-11-28 04:52:42');
INSERT INTO "points_records" VALUES(763,36,-100,'自定义扣分','自定义','','2025-11-28 04:52:54');
INSERT INTO "points_records" VALUES(764,18,-60,'自定义扣分','自定义','','2025-11-28 04:53:07');
INSERT INTO "points_records" VALUES(765,1,145,'自定义加分','作业','','2025-11-29 03:38:27');
INSERT INTO "points_records" VALUES(766,7,145,'自定义加分','作业','','2025-11-29 03:38:27');
INSERT INTO "points_records" VALUES(767,6,145,'自定义加分','作业','','2025-11-29 03:38:27');
INSERT INTO "points_records" VALUES(768,4,145,'自定义加分','作业','','2025-11-29 03:38:27');
INSERT INTO "points_records" VALUES(769,5,145,'自定义加分','作业','','2025-11-29 03:38:27');
INSERT INTO "points_records" VALUES(770,2,145,'自定义加分','作业','','2025-11-29 03:38:27');
INSERT INTO "points_records" VALUES(771,3,145,'自定义加分','作业','','2025-11-29 03:38:27');
INSERT INTO "points_records" VALUES(772,9,170,'自定义加分','作业','','2025-11-29 04:44:28');
INSERT INTO "points_records" VALUES(773,10,170,'自定义加分','作业','','2025-11-29 04:44:28');
INSERT INTO "points_records" VALUES(774,11,170,'自定义加分','作业','','2025-11-29 04:44:28');
INSERT INTO "points_records" VALUES(775,13,170,'自定义加分','作业','','2025-11-29 04:44:28');
INSERT INTO "points_records" VALUES(776,12,170,'自定义加分','作业','','2025-11-29 04:44:28');
INSERT INTO "points_records" VALUES(777,8,170,'自定义加分','作业','','2025-11-29 04:44:28');
INSERT INTO "points_records" VALUES(778,16,13,'自定义加分','作业','','2025-11-29 04:49:40');
INSERT INTO "points_records" VALUES(779,18,13,'自定义加分','作业','','2025-11-29 04:49:40');
INSERT INTO "points_records" VALUES(780,14,13,'自定义加分','作业','','2025-11-29 04:49:40');
INSERT INTO "points_records" VALUES(781,17,13,'自定义加分','作业','','2025-11-29 04:49:40');
INSERT INTO "points_records" VALUES(782,15,13,'自定义加分','作业','','2025-11-29 04:49:40');
INSERT INTO "points_records" VALUES(783,19,13,'自定义加分','作业','','2025-11-29 04:49:40');
INSERT INTO "points_records" VALUES(784,26,58,'自定义加分','自定义','','2025-11-29 05:57:15');
INSERT INTO "points_records" VALUES(785,22,58,'自定义加分','自定义','','2025-11-29 05:57:15');
INSERT INTO "points_records" VALUES(786,23,58,'自定义加分','自定义','','2025-11-29 05:57:15');
INSERT INTO "points_records" VALUES(787,25,58,'自定义加分','自定义','','2025-11-29 05:57:15');
INSERT INTO "points_records" VALUES(788,21,58,'自定义加分','自定义','','2025-11-29 05:57:15');
INSERT INTO "points_records" VALUES(789,20,58,'自定义加分','自定义','','2025-11-29 05:57:15');
INSERT INTO "points_records" VALUES(790,24,58,'自定义加分','自定义','','2025-11-29 05:57:15');
INSERT INTO "points_records" VALUES(791,28,104,'自定义加分','自定义','','2025-11-29 05:57:48');
INSERT INTO "points_records" VALUES(792,32,104,'自定义加分','自定义','','2025-11-29 05:57:48');
INSERT INTO "points_records" VALUES(793,31,104,'自定义加分','自定义','','2025-11-29 05:57:48');
INSERT INTO "points_records" VALUES(794,30,104,'自定义加分','自定义','','2025-11-29 05:57:48');
INSERT INTO "points_records" VALUES(795,29,104,'自定义加分','自定义','','2025-11-29 05:57:48');
INSERT INTO "points_records" VALUES(796,27,104,'自定义加分','自定义','','2025-11-29 05:57:48');
INSERT INTO "points_records" VALUES(797,47,113,'自定义加分','自定义','','2025-11-29 05:59:09');
INSERT INTO "points_records" VALUES(798,49,113,'自定义加分','自定义','','2025-11-29 05:59:09');
INSERT INTO "points_records" VALUES(799,45,113,'自定义加分','自定义','','2025-11-29 05:59:09');
INSERT INTO "points_records" VALUES(800,46,113,'自定义加分','自定义','','2025-11-29 05:59:09');
INSERT INTO "points_records" VALUES(801,50,113,'自定义加分','自定义','','2025-11-29 05:59:09');
INSERT INTO "points_records" VALUES(802,48,113,'自定义加分','自定义','','2025-11-29 05:59:09');
INSERT INTO "points_records" VALUES(803,38,40,'自定义加分','自定义','','2025-11-29 05:59:53');
INSERT INTO "points_records" VALUES(804,37,40,'自定义加分','自定义','','2025-11-29 05:59:53');
INSERT INTO "points_records" VALUES(805,36,40,'自定义加分','自定义','','2025-11-29 05:59:53');
INSERT INTO "points_records" VALUES(806,33,40,'自定义加分','自定义','','2025-11-29 05:59:53');
INSERT INTO "points_records" VALUES(807,35,40,'自定义加分','自定义','','2025-11-29 05:59:53');
INSERT INTO "points_records" VALUES(808,34,40,'自定义加分','自定义','','2025-11-29 05:59:53');
INSERT INTO "points_records" VALUES(809,43,48,'自定义加分','自定义','','2025-11-29 06:00:05');
INSERT INTO "points_records" VALUES(810,41,48,'自定义加分','自定义','','2025-11-29 06:00:05');
INSERT INTO "points_records" VALUES(811,44,48,'自定义加分','自定义','','2025-11-29 06:00:05');
INSERT INTO "points_records" VALUES(812,39,48,'自定义加分','自定义','','2025-11-29 06:00:05');
INSERT INTO "points_records" VALUES(813,42,48,'自定义加分','自定义','','2025-11-29 06:00:05');
INSERT INTO "points_records" VALUES(814,40,48,'自定义加分','自定义','','2025-11-29 06:00:05');
INSERT INTO "points_records" VALUES(815,1,50,'自定义加分','自定义','','2025-11-29 06:05:58');
INSERT INTO "points_records" VALUES(817,3,15,'自定义加分','自定义','','2025-11-29 06:27:31');
INSERT INTO "points_records" VALUES(818,2,60,'自定义加分','自定义','','2025-11-29 06:27:54');
INSERT INTO "points_records" VALUES(819,7,15,'自定义加分','自定义','','2025-11-29 06:32:58');
INSERT INTO "points_records" VALUES(820,1,20,'自定义加分','自定义','','2025-11-29 06:47:11');
INSERT INTO "points_records" VALUES(821,4,10,'自定义加分','自定义','','2025-11-29 06:47:16');
INSERT INTO "points_records" VALUES(822,4,60,'自定义加分','自定义','','2025-11-29 06:47:30');
INSERT INTO "points_records" VALUES(823,8,-25,'自定义扣分','自定义','','2025-11-29 06:50:18');
INSERT INTO "points_records" VALUES(824,11,40,'自定义加分','自定义','','2025-11-29 06:54:31');
INSERT INTO "points_records" VALUES(825,8,20,'自定义加分','自定义','','2025-11-29 06:54:36');
INSERT INTO "points_records" VALUES(826,9,20,'自定义加分','自定义','','2025-11-29 06:59:51');
DELETE FROM sqlite_sequence;
INSERT INTO "sqlite_sequence" VALUES('points_categories',9);
INSERT INTO "sqlite_sequence" VALUES('groups',8);
INSERT INTO "sqlite_sequence" VALUES('students',50);
INSERT INTO "sqlite_sequence" VALUES('points_records',826);
CREATE INDEX idx_points_records_student ON points_records(student_id);
CREATE INDEX idx_points_records_created ON points_records(created_at);
CREATE INDEX idx_students_group ON students(group_id);
CREATE INDEX idx_students_class ON students(class_name);
